"78990","Circular Quay","1","","1","822"
"130788","Stockton Wharf (Via Loop)","1","","1","89"
"48572","Circular Quay (Via Loop)","1","","1","258"
"130515","Stockton Wharf (Via Loop)","1","","1","89"
"76713","Darling Harbour, Pier 26 (Via Loop)","1","","1","819"
"75498","Bundeena Wharf","0","","1","809"
"76716","Darling Harbour, Pier 26 (Via Loop)","1","","1","819"
"50512","Taronga Zoo Wharf","0","","1","256"
"130752","Stockton Wharf (Via Loop)","1","","1","89"
"48611","Circular Quay (Via Loop)","1","","1","258"
"77171","Circular Quay","1","","1","821"
"50404","Armory Wharf","0","","1","257"
"75693","Bundeena Wharf","0","","1","809"
"48473","Meadowbank Wharf","0","","1","257"
"47815","Circular Quay","1","","1","257"
"48807","Mosman Bay Wharf","0","","1","260"
"50357","Circular Quay","1","","1","257"
"50857","Mosman Bay Wharf","0","","1","260"
"51273","Circular Quay","1","","1","255"
"76432","Darling Harbour, Pier 26 (Via Loop)","1","","1","820"
"76125","Church Point Wharf (Via Loop)","1","","1","815"
"47975","Taronga Zoo Wharf","0","","1","256"
"51045","Circular Quay","1","","1","255"
"51250","Circular Quay","1","","1","255"
"50542","Taronga Zoo Wharf","0","","1","256"
"130997","Stockton Wharf (Via Loop)","1","","1","89"
"50300","Parramatta Wharf","0","","1","257"
"78748","Manly Hotel Wharf","0","","1","822"
"130905","Queens Wharf (Via Loop)","0","","1","89"
"50684","Circular Quay (Via Loop)","1","","1","258"
"130467","Stockton Wharf (Via Loop)","1","","1","89"
"78891","Circular Quay","1","","1","822"
"131034","Stockton Wharf (Via Loop)","1","","1","89"
"48569","Circular Quay (Via Loop)","1","","1","258"
"76259","Circular Quay","1","","1","817"
"47948","Circular Quay","1","","1","255"
"131250","Queens Wharf (Via Loop)","0","","1","89"
"51115","Circular Quay","1","","1","256"
"77113","Manly Hotel Wharf","0","","1","821"
"50188","Circular Quay","1","","1","261"
"75960","Brooklyn Wharf (Via Loop)","1","","1","812"
"75927","Brooklyn Wharf (Via Loop)","1","","1","812"
"51460","Circular Quay","1","","1","255"
"79032","Circular Quay","1","","1","825"
"78760","Manly Hotel Wharf","0","","1","822"
"131164","Stockton Wharf (Via Loop)","1","","1","89"
"75726","Palm Beach Wharf (Via Loop)","1","","1","811"
"48759","Circular Quay","1","","1","260"
"130429","Stockton Wharf (Via Loop)","1","","1","89"
"51354","Manly Wharf","0","","1","255"
"76277","Circular Quay","1","","1","817"
"78915","Darling Harbour, Aquarium Wharf","0","","1","824"
"76879","Circular Quay (Via Loop)","1","","1","820"
"78199","Circular Quay","1","","1","821"
"75848","Palm Beach Wharf (Via Loop)","0","","1","810"
"77022","Fort Denison Wharf (Via Loop)","0","","1","816"
"78403","Manly Hotel Wharf","0","","1","822"
"79091","Manly Wharf","0","","1","825"
"76850","Riverview College Wharf","0","","1","818"
"50629","Circular Quay","1","","1","256"
"51322","Circular Quay","1","","1","255"
"130895","Queens Wharf (Via Loop)","0","","1","89"
"131119","Queens Wharf (Via Loop)","0","","1","89"
"78883","Circular Quay","1","","1","822"
"130617","Queens Wharf (Via Loop)","0","","1","89"
"50387","Circular Quay","1","","1","257"
"50104","Double Bay Wharf","0","","1","261"
"51380","Manly Wharf","0","","1","255"
"51503","Circular Quay","1","","1","255"
"48542","Circular Quay (Via Loop)","1","","1","258"
"131116","Queens Wharf (Via Loop)","0","","1","89"
"79384","Manly Wharf","0","","1","825"
"50887","Manly Wharf","0","","1","255"
"51076","Taronga Zoo Wharf","0","","1","256"
"75784","Palm Beach Wharf (Via Loop)","0","","1","810"
"79194","Manly Wharf","0","","1","825"
"51012","Circular Quay","1","","1","255"
"76510","Darling Harbour, Pier 26 (Via Loop)","1","","1","820"
"51148","Manly Wharf","0","","1","255"
"76958","Circular Quay","1","","1","817"
"50618","Circular Quay","1","","1","256"
"77073","Circular Quay","1","","1","821"
"76072","Church Point Wharf (Via Loop)","1","","1","815"
"130892","Queens Wharf (Via Loop)","0","","1","89"
"75936","Brooklyn Wharf (Via Loop)","1","","1","812"
"48848","Mosman Bay Wharf","0","","1","260"
"76060","Empire Bay Wharf","0","","1","813"
"78763","Manly Hotel Wharf","0","","1","822"
"76849","Riverview College Wharf","0","","1","818"
"50149","Watsons Bay Wharf","0","","1","261"
"51221","Manly Wharf","0","","1","255"
"76316","Circular Quay (Via Loop)","1","","1","817"
"131247","Queens Wharf (Via Loop)","0","","1","89"
"48804","Mosman Bay Wharf","0","","1","260"
"79443","Circular Quay, Eastern Pontoon","1","","1","825"
"47930","Rose Bay Wharf","0","","1","261"
"48883","Mosman Bay Wharf","0","","1","260"
"50269","Circular Quay","1","","1","261"
"47812","Circular Quay","1","","1","257"
"130614","Queens Wharf (Via Loop)","0","","1","89"
"48064","Circular Quay","1","","1","256"
"130523","Stockton Wharf (Via Loop)","1","","1","89"
"76205","Church Point Wharf","1","","1","815"
"76283","Circular Quay","1","","1","817"
"131042","Stockton Wharf (Via Loop)","1","","1","89"
"78814","Manly Hotel Wharf","0","","1","822"
"51039","Circular Quay","1","","1","255"
"50146","Watsons Bay Wharf","0","","1","261"
"75491","Bundeena Wharf","0","","1","809"
"51295","Circular Quay","1","","1","255"
"77031","Fort Denison Wharf (Via Loop)","0","","1","816"
"50942","Manly Wharf","0","","1","255"
"79417","Manly Wharf","0","","1","825"
"48325","Circular Quay","1","","1","257"
"50871","Circular Quay","1","","1","260"
"51027","Circular Quay","1","","1","255"
"47972","Taronga Zoo Wharf","0","","1","256"
"130665","Queens Wharf (Via Loop)","0","","1","89"
"75645","Cronulla Wharf","0","","1","808"
"130865","Queens Wharf (Via Loop)","0","","1","89"
"78966","Circular Quay","1","","1","822"
"48667","Circular Quay (Via Loop)","0","","1","259"
"47896","Mosman Bay Wharf","0","","1","260"
"50119","Watsons Bay Wharf","0","","1","261"
"76504","Darling Harbour, Pier 26 (Via Loop)","1","","1","820"
"48419","Chiswick Wharf","0","","1","257"
"131052","Queens Wharf (Via Loop)","0","","1","89"
"50950","Manly Wharf","0","","1","255"
"76801","Darling Harbour, Pier 26 (Via Loop)","1","","1","820"
"50836","Mosman Bay Wharf","0","","1","260"
"50935","Manly Wharf","0","","1","255"
"76704","Darling Harbour, Pier 26 (Via Loop)","1","","1","819"
"76955","Darling Harbour, Pier 26 (Via Loop)","1","","1","820"
"75516","Cronulla Wharf","0","","1","808"
"76910","Circular Quay, Harbour Master Steps","1","","1","819"
"48385","Circular Quay","1","","1","257"
"50974","Circular Quay","1","","1","255"
"78309","Darling Harbour, Aquarium Wharf","0","","1","823"
"48697","Circular Quay (Via Loop)","0","","1","259"
"48431","Rydalmere Wharf","0","","1","257"
"47978","Taronga Zoo Wharf","0","","1","256"
"47866","Circular Quay (Via Loop)","0","","1","259"
"50050","Darling Harbour Wharf","1","","1","257"
"130597","Queens Wharf (Via Loop)","0","","1","89"
"79059","Circular Quay","1","","1","825"
"78569","Circular Quay","1","","1","822"
"130487","Stockton Wharf (Via Loop)","1","","1","89"
"48742","Circular Quay","1","","1","260"
"50869","Circular Quay","1","","1","260"
"131055","Queens Wharf (Via Loop)","0","","1","89"
"48928","Rose Bay Wharf","0","","1","261"
"130621","Queens Wharf (Via Loop)","0","","1","89"
"76328","Circular Quay (Via Loop)","1","","1","817"
"76534","Fort Denison Wharf (Via Loop)","0","","1","816"
"51199","Manly Wharf","0","","1","255"
"51382","Manly Wharf","0","","1","255"
"51022","Circular Quay","1","","1","255"
"47909","Circular Quay","1","","1","260"
"78185","Circular Quay","1","","1","821"
"50596","Circular Quay","1","","1","256"
"75650","Cronulla Wharf","0","","1","808"
"131158","Queens Wharf (Via Loop)","0","","1","89"
"75942","Brooklyn Wharf (Via Loop)","1","","1","812"
"76289","Circular Quay","1","","1","817"
"76343","Circular Quay (Via Loop)","1","","1","817"
"79073","Manly Wharf","0","","1","825"
"48476","Circular Quay","1","","1","257"
"76441","Darling Harbour, Pier 26 (Via Loop)","1","","1","820"
"78481","Manly Hotel Wharf","0","","1","822"
"77049","Darling Harbour, Pier 26 (Via Loop)","1","","1","816"
"51009","Circular Quay","1","","1","255"
"130520","Stockton Wharf (Via Loop)","1","","1","89"
"79115","Circular Quay, Eastern Pontoon","1","","1","825"
"78241","Manly Hotel Wharf","0","","1","821"
"76928","Circular Quay","1","","1","818"
"51463","Circular Quay","1","","1","255"
"130560","Queens Wharf (Via Loop)","0","","1","89"
"51214","Manly Wharf","0","","1","255"
"50769","Circular Quay (Via Loop)","0","","1","259"
"76051","Empire Bay Wharf","0","","1","813"
"78091","Darling Harbour, Aquarium Wharf (Via Loop)","0","","1","823"
"75772","Ettalong Wharf","1","","1","811"
"50564","Taronga Zoo Wharf","0","","1","256"
"78361","Circular Quay","1","","1","821"
"76307","Circular Quay (Via Loop)","1","","1","817"
"130662","Queens Wharf (Via Loop)","0","","1","89"
"50090","Circular Quay (Via Loop)","1","","1","258"
"51118","Circular Quay","1","","1","256"
"131266","Queens Wharf (Via Loop)","0","","1","89"
"130935","Queens Wharf (Via Loop)","0","","1","89"
"130508","Stockton Wharf (Via Loop)","1","","1","89"
"78757","Manly Hotel Wharf","0","","1","822"
"51057","Circular Quay","1","","1","255"
"78273","Manly Hotel Wharf","0","","1","821"
"130773","Stockton Wharf (Via Loop)","1","","1","89"
"47969","Taronga Zoo Wharf","0","","1","256"
"50793","Circular Quay (Via Loop)","0","","1","259"
"47945","Manly Wharf","0","","1","255"
"47875","Circular Quay (Via Loop)","0","","1","259"
"50078","Meadowbank Wharf","0","","1","257"
"131167","Stockton Wharf (Via Loop)","1","","1","89"
"75613","Bundeena Wharf","0","","1","809"
"78837","Circular Quay","1","","1","822"
"50812","Circular Quay","1","","1","260"
"76057","Empire Bay Wharf","0","","1","813"
"76886","Circular Quay (Via Loop)","1","","1","820"
"48307","Armory Wharf","0","","1","257"
"48322","Rydalmere Wharf","1","","1","257"
"79368","Manly Wharf","0","","1","825"
"51226","Manly Wharf","0","","1","255"
"48608","Circular Quay (Via Loop)","1","","1","258"
"49028","Circular Quay","1","","1","261"
"50933","Manly Wharf","0","","1","255"
"79021","Manly Hotel Wharf","0","","1","821"
"51454","Circular Quay","1","","1","255"
"76877","Circular Quay (Via Loop)","1","","1","820"
"51179","Manly Wharf","0","","1","255"
"130898","Queens Wharf (Via Loop)","0","","1","89"
"51324","Circular Quay","1","","1","255"
"50890","Manly Wharf","0","","1","255"
"48539","Circular Quay (Via Loop)","1","","1","258"
"51512","Circular Quay","1","","1","255"
"130890","Queens Wharf (Via Loop)","0","","1","89"
"51072","Taronga Zoo Wharf","0","","1","256"
"78786","Manly Hotel Wharf","0","","1","822"
"77109","Manly Hotel Wharf","0","","1","821"
"75830","Palm Beach Wharf (Via Loop)","1","","1","811"
"50170","Circular Quay","1","","1","261"
"76740","Circular Quay","1","","1","817"
"76992","Darling Harbour, Pier 26 (Via Loop)","1","","1","820"
"78628","Darling Harbour, Aquarium Wharf (Via Loop)","0","","1","824"
"130994","Stockton Wharf (Via Loop)","1","","1","89"
"50227","Circular Quay","1","","1","261"
"50966","Circular Quay","1","","1","255"
"78289","Manly Hotel Wharf","0","","1","821"
"76027","Woy Woy Wharf","1","","1","813"
"76114","Church Point Wharf (Via Loop)","1","","1","815"
"50182","Circular Quay","1","","1","261"
"78954","Manly Hotel Wharf","0","","1","822"
"130611","Queens Wharf (Via Loop)","0","","1","89"
"78267","Manly Hotel Wharf","0","","1","821"
"48560","Circular Quay (Via Loop)","1","","1","258"
"130452","Stockton Wharf (Via Loop)","1","","1","89"
"76722","Circular Quay","1","","1","817"
"48031","Circular Quay","1","","1","256"
"130784","Stockton Wharf (Via Loop)","1","","1","89"
"48821","Mosman Bay Wharf","0","","1","260"
"47842","Circular Quay","1","","1","257"
"79095","Manly Wharf","0","","1","825"
"76560","Fort Denison Wharf (Via Loop)","0","","1","816"
"76845","Darling Harbour, Pier 26","1","","1","818"
"76471","Darling Harbour, Pier 26 (Via Loop)","1","","1","820"
"130671","Queens Wharf (Via Loop)","0","","1","89"
"131001","Stockton Wharf (Via Loop)","1","","1","89"
"130470","Stockton Wharf (Via Loop)","1","","1","89"
"75763","The Basin Wharf","0","","1","810"
"49040","Circular Quay","1","","1","261"
"79382","Manly Wharf","0","","1","825"
"77055","Darling Harbour, Pier 26 (Via Loop)","1","","1","819"
"51066","Taronga Zoo Wharf","0","","1","256"
"50381","Circular Quay","1","","1","257"
"76377","Circular Quay (Via Loop)","1","","1","817"
"50236","Circular Quay","1","","1","261"
"78922","Darling Harbour, Aquarium Wharf (Via Loop)","0","","1","824"
"131110","Queens Wharf (Via Loop)","0","","1","89"
"50863","Mosman Bay Wharf","0","","1","260"
"48319","Rydalmere Wharf","1","","1","257"
"76507","Darling Harbour, Pier 26 (Via Loop)","1","","1","820"
"50608","Circular Quay","1","","1","256"
"51342","Circular Quay","1","","1","255"
"77076","Circular Quay","1","","1","821"
"48388","Parramatta Wharf","0","","1","257"
"130812","Queens Wharf (Via Loop)","0","","1","89"
"76773","Circular Quay (Via Loop)","1","","1","817"
"51145","Manly Wharf","0","","1","255"
"78822","Manly Hotel Wharf","0","","1","822"
"48771","Circular Quay","1","","1","260"
"49123","Double Bay Wharf","0","","1","261"
"131269","Queens Wharf (Via Loop)","0","","1","89"
"50915","Manly Wharf","0","","1","255"
"78373","Manly Hotel Wharf","0","","1","821"
"48596","Circular Quay (Via Loop)","1","","1","258"
"75689","Bundeena Wharf","0","","1","809"
"75836","Palm Beach Wharf (Via Loop)","0","","1","810"
"48916","Circular Quay","1","","1","260"
"51265","Circular Quay","1","","1","255"
"77221","Manly Hotel Wharf","0","","1","821"
"48727","Circular Quay","1","","1","260"
"51303","Circular Quay","1","","1","255"
"79419","Manly Wharf","0","","1","825"
"78256","Manly Hotel Wharf","0","","1","821"
"48641","Circular Quay (Via Loop)","0","","1","259"
"50204","Circular Quay","1","","1","261"
"47906","Circular Quay","1","","1","260"
"75524","Cronulla Wharf","0","","1","808"
"49113","Circular Quay","1","","1","261"
"49058","Watsons Bay Wharf","0","","1","261"
"78205","Circular Quay","1","","1","821"
"76232","Circular Quay","1","","1","817"
"48898","Circular Quay","1","","1","260"
"50212","Double Bay Wharf","0","","1","261"
"76402","Darling Harbour, Pier 26","1","","1","817"
"78852","Circular Quay","1","","1","822"
"50960","Manly Wharf","0","","1","255"
"131149","Queens Wharf (Via Loop)","0","","1","89"
"50720","Circular Quay (Via Loop)","1","","1","258"
"78957","Manly Hotel Wharf","0","","1","822"
"77064","Darling Harbour, Pier 26 (Via Loop)","1","","1","819"
"75502","Bundeena Wharf","0","","1","809"
"130647","Queens Wharf (Via Loop)","0","","1","89"
"48632","Circular Quay (Via Loop)","0","","1","259"
"78886","Circular Quay","1","","1","822"
"78270","Manly Hotel Wharf","0","","1","821"
"79453","Circular Quay, Eastern Pontoon","1","","1","825"
"130949","Stockton Wharf (Via Loop)","1","","1","89"
"76244","Circular Quay","1","","1","817"
"130540","Stockton Wharf (Via Loop)","1","","1","89"
"78319","Darling Harbour, Aquarium Wharf (Via Loop)","0","","1","823"
"76155","Newport Wharf","1","","1","815"
"78292","Manly Hotel Wharf","0","","1","821"
"76438","Darling Harbour, Pier 26 (Via Loop)","1","","1","820"
"130874","Queens Wharf (Via Loop)","0","","1","89"
"131045","Stockton Wharf (Via Loop)","1","","1","89"
"75553","Cronulla Wharf","0","","1","808"
"75790","Palm Beach Wharf (Via Loop)","0","","1","810"
"76143","Church Point Wharf","1","","1","815"
"78903","Circular Quay, Harbour Master Steps","1","","1","822"
"51121","Circular Quay","1","","1","256"
"48925","Rose Bay Wharf","0","","1","261"
"50522","Taronga Zoo Wharf","0","","1","256"
"48525","Circular Quay","1","","1","257"
"130706","Stockton Wharf (Via Loop)","1","","1","89"
"48958","Rose Bay Wharf","0","","1","261"
"130605","Queens Wharf (Via Loop)","0","","1","89"
"48452","Meadowbank Wharf","0","","1","257"
"49127","Double Bay Wharf","0","","1","261"
"48842","Mosman Bay Wharf","0","","1","260"
"50533","Taronga Zoo Wharf","0","","1","256"
"79411","Manly Wharf","0","","1","825"
"50841","Mosman Bay Wharf","0","","1","260"
"51166","Manly Wharf","0","","1","255"
"50297","Parramatta Wharf","0","","1","257"
"50796","Circular Quay","1","","1","260"
"48034","Circular Quay","1","","1","256"
"48455","Meadowbank Wharf","0","","1","257"
"78276","Manly Hotel Wharf","0","","1","821"
"50132","Watsons Bay Wharf","0","","1","261"
"48288","Circular Quay","1","","1","257"
"48975","Circular Quay","1","","1","261"
"76423","Darling Harbour, Pier 26 (Via Loop)","1","","1","820"
"76054","Empire Bay Wharf","0","","1","813"
"76238","Circular Quay","1","","1","817"
"77037","Darling Harbour, Pier 26 (Via Loop)","1","","1","816"
"76146","Church Point Wharf (Via Loop)","1","","1","815"
"50638","Circular Quay","1","","1","256"
"48688","Circular Quay (Via Loop)","0","","1","259"
"76539","Darling Harbour, Pier 26 (Via Loop)","1","","1","816"
"51333","Circular Quay","1","","1","255"
"48367","Circular Quay","1","","1","257"
"48443","Rydalmere Wharf","0","","1","257"
"50714","Circular Quay (Via Loop)","1","","1","258"
"130806","Stockton Wharf (Via Loop)","1","","1","89"
"75749","The Basin Wharf","0","","1","810"
"50060","Darling Harbour Wharf","1","","1","257"
"76949","Darling Harbour, Pier 26 (Via Loop)","1","","1","819"
"49046","Circular Quay","1","","1","261"
"78460","Circular Quay","1","","1","822"
"50875","Manly Wharf","0","","1","255"
"79112","Circular Quay, Eastern Pontoon","1","","1","825"
"50736","Circular Quay (Via Loop)","1","","1","258"
"131272","Queens Wharf (Via Loop)","0","","1","89"
"49064","Watsons Bay Wharf","0","","1","261"
"75757","Palm Beach Wharf (Via Loop)","0","","1","810"
"51345","Circular Quay","1","","1","255"
"78336","Circular Quay","1","","1","821"
"48356","Circular Quay","1","","1","257"
"51319","Circular Quay","1","","1","255"
"48730","Circular Quay","1","","1","260"
"78391","Manly Hotel Wharf","0","","1","822"
"131018","Stockton Wharf (Via Loop)","1","","1","89"
"50555","Taronga Zoo Wharf","0","","1","256"
"78285","Manly Hotel Wharf","0","","1","821"
"48497","Circular Quay","1","","1","257"
"50947","Manly Wharf","0","","1","255"
"49116","Circular Quay","1","","1","261"
"48085","Circular Quay (Via Loop)","0","","1","256"
"76931","Hunters Hill Wharf","0","","1","818"
"79408","Manly Wharf","0","","1","825"
"78774","Manly Hotel Wharf","0","","1","822"
"130791","Stockton Wharf (Via Loop)","1","","1","89"
"48984","Circular Quay","1","","1","261"
"51208","Manly Wharf","0","","1","255"
"48895","Circular Quay","1","","1","260"
"51173","Manly Wharf","0","","1","255"
"130490","Stockton Wharf (Via Loop)","1","","1","89"
"48724","Circular Quay (Via Loop)","0","","1","259"
"50362","Circular Quay","1","","1","257"
"78969","Circular Quay","1","","1","822"
"48379","Circular Quay","1","","1","257"
"76468","Darling Harbour, Pier 26 (Via Loop)","1","","1","820"
"76063","Empire Bay Wharf","0","","1","813"
"50272","Circular Quay","1","","1","261"
"78888","Circular Quay","1","","1","822"
"49071","Circular Quay","1","","1","261"
"75802","Palm Beach Wharf","0","","1","810"
"48028","Circular Quay","1","","1","256"
"50483","Circular Quay","1","","1","257"
"50784","Circular Quay (Via Loop)","0","","1","259"
"78656","Darling Harbour, Aquarium Wharf (Via Loop)","0","","1","824"
"47827","Meadowbank Wharf","0","","1","257"
"79208","Manly Wharf","0","","1","825"
"78202","Circular Quay","1","","1","821"
"50884","Manly Wharf","0","","1","255"
"48863","Mosman Bay Wharf","0","","1","260"
"50699","Circular Quay (Via Loop)","1","","1","258"
"50760","Circular Quay (Via Loop)","0","","1","259"
"76093","Church Point Wharf (Via Loop)","1","","1","815"
"48437","Rydalmere Wharf","0","","1","257"
"51070","Taronga Zoo Wharf","0","","1","256"
"79449","Circular Quay, Eastern Pontoon","1","","1","825"
"131129","Queens Wharf (Via Loop)","0","","1","89"
"50360","Circular Quay","1","","1","257"
"50681","Circular Quay (Via Loop)","1","","1","258"
"75582","Bundeena Wharf","0","","1","809"
"76048","Empire Bay Wharf","0","","1","813"
"79029","Circular Quay","1","","1","825"
"50678","Circular Quay (Via Loop)","1","","1","258"
"76172","Church Point Wharf (Via Loop)","1","","1","815"
"76187","Church Point Wharf (Via Loop)","1","","1","815"
"51253","Circular Quay","1","","1","255"
"131039","Stockton Wharf (Via Loop)","1","","1","89"
"76166","Church Point Wharf (Via Loop)","1","","1","815"
"50225","Double Bay Wharf","0","","1","261"
"78265","Manly Hotel Wharf","0","","1","821"
"50590","Circular Quay","1","","1","256"
"48956","Rose Bay Wharf","0","","1","261"
"48593","Circular Quay (Via Loop)","1","","1","258"
"131191","Stockton Wharf (Via Loop)","1","","1","89"
"78871","Circular Quay","1","","1","822"
"75954","Brooklyn Wharf (Via Loop)","1","","1","812"
"76979","Circular Quay","1","","1","817"
"51457","Circular Quay","1","","1","255"
"79077","Manly Wharf","0","","1","825"
"78789","Manly Hotel Wharf","0","","1","822"
"76313","Circular Quay (Via Loop)","1","","1","817"
"79402","Circular Quay, Eastern Pontoon","1","","1","825"
"48410","Chiswick Wharf","0","","1","257"
"48037","Circular Quay","1","","1","256"
"130988","Stockton Wharf (Via Loop)","1","","1","89"
"50302","Parramatta Wharf","0","","1","257"
"78371","Manly Hotel Wharf","0","","1","821"
"79313","Circular Quay","1","","1","825"
"79335","Manly Wharf","0","","1","825"
"48566","Circular Quay (Via Loop)","1","","1","258"
"49010","Circular Quay","1","","1","261"
"51508","Circular Quay","1","","1","255"
"51373","Manly Wharf","0","","1","255"
"79070","Manly Wharf","0","","1","825"
"78182","Circular Quay","1","","1","821"
"131162","Queens Wharf (Via Loop)","0","","1","89"
"50939","Manly Wharf","0","","1","255"
"79440","Circular Quay, Eastern Pontoon","1","","1","825"
"50429","Armory Wharf","0","","1","257"
"78304","Circular Quay, Harbour Master Steps","1","","1","821"
"50818","Circular Quay","1","","1","260"
"51015","Circular Quay","1","","1","255"
"76725","Circular Quay","1","","1","817"
"48343","Meadowbank Wharf","0","","1","257"
"48328","Meadowbank Wharf","0","","1","257"
"76848","Darling Harbour, Pier 26","1","","1","818"
"75912","Brooklyn Wharf (Via Loop)","1","","1","812"
"48394","Parramatta Wharf","0","","1","257"
"131113","Queens Wharf (Via Loop)","0","","1","89"
"47902","Circular Quay","1","","1","260"
"79041","Circular Quay","1","","1","825"
"76226","Circular Quay","1","","1","817"
"51523","Circular Quay","1","","1","255"
"130669","Queens Wharf (Via Loop)","0","","1","89"
"77181","Circular Quay","1","","1","821"
"131245","Queens Wharf (Via Loop)","0","","1","89"
"76322","Circular Quay (Via Loop)","1","","1","817"
"76370","Circular Quay (Via Loop)","1","","1","817"
"51125","Circular Quay","1","","1","256"
"47957","Circular Quay (Via Loop)","1","","1","256"
"51223","Manly Wharf","0","","1","255"
"130464","Stockton Wharf (Via Loop)","1","","1","89"
"76383","Circular Quay (Via Loop)","1","","1","817"
"130438","Stockton Wharf (Via Loop)","1","","1","89"
"48932","Rose Bay Wharf","0","","1","261"
"78768","Manly Hotel Wharf","0","","1","822"
"48679","Circular Quay (Via Loop)","0","","1","259"
"78406","Manly Hotel Wharf","0","","1","822"
"50218","Double Bay Wharf","0","","1","261"
"48706","Circular Quay (Via Loop)","0","","1","259"
"76105","Church Point Wharf (Via Loop)","1","","1","815"
"50309","Parramatta Wharf","0","","1","257"
"130763","Stockton Wharf (Via Loop)","1","","1","89"
"130841","Queens Wharf (Via Loop)","0","","1","89"
"48491","Circular Quay","1","","1","257"
"131147","Queens Wharf (Via Loop)","0","","1","89"
"48196","Circular Quay","1","","1","257"
"75573","Bundeena Wharf","0","","1","809"
"130644","Queens Wharf (Via Loop)","0","","1","89"
"50410","Armory Wharf","0","","1","257"
"130482","Stockton Wharf (Via Loop)","1","","1","89"
"76988","Darling Harbour, Pier 26 (Via Loop)","1","","1","820"
"130868","Queens Wharf (Via Loop)","0","","1","89"
"130678","Stockton Wharf (Via Loop)","1","","1","89"
"47863","Circular Quay (Via Loop)","1","","1","258"
"50254","Watsons Bay Wharf","0","","1","261"
"78358","Circular Quay","1","","1","821"
"50396","Circular Quay","1","","1","257"
"48655","Circular Quay (Via Loop)","0","","1","259"
"79438","Circular Quay, Eastern Pontoon","1","","1","825"
"48721","Circular Quay (Via Loop)","0","","1","259"
"48548","Circular Quay (Via Loop)","1","","1","258"
"48334","Meadowbank Wharf","0","","1","257"
"48919","Rose Bay Wharf","0","","1","261"
"50368","Circular Quay","1","","1","257"
"78766","Manly Hotel Wharf","0","","1","822"
"48833","Mosman Bay Wharf","0","","1","260"
"78197","Circular Quay","1","","1","821"
"75971","Woy Woy Wharf","1","","1","813"
"50953","Manly Wharf","0","","1","255"
"130533","Stockton Wharf (Via Loop)","1","","1","89"
"130943","Stockton Wharf (Via Loop)","1","","1","89"
"50371","Circular Quay","1","","1","257"
"48190","Circular Quay","1","","1","257"
"50263","Circular Quay","1","","1","261"
"48545","Circular Quay (Via Loop)","1","","1","258"
"48801","Mosman Bay Wharf","0","","1","260"
"76355","Circular Quay (Via Loop)","1","","1","817"
"76158","Church Point Wharf","1","","1","815"
"76214","Circular Quay","1","","1","817"
"130633","Queens Wharf (Via Loop)","0","","1","89"
"51491","Circular Quay","1","","1","255"
"50143","Watsons Bay Wharf","0","","1","261"
"79038","Circular Quay","1","","1","825"
"48981","Circular Quay","1","","1","261"
"51154","Manly Wharf","0","","1","255"
"48005","Taronga Zoo Wharf","0","","1","256"
"48614","Circular Quay (Via Loop)","1","","1","258"
"50489","Circular Quay","1","","1","257"
"48937","Rose Bay Wharf","0","","1","261"
"78261","Manly Hotel Wharf","0","","1","821"
"51298","Circular Quay","1","","1","255"
"51409","Manly Wharf","0","","1","255"
"75860","Palm Beach Wharf (Via Loop)","0","","1","810"
"50665","Circular Quay","1","","1","256"
"75906","Brooklyn Wharf (Via Loop)","1","","1","812"
"50709","Circular Quay (Via Loop)","1","","1","258"
"47954","Circular Quay (Via Loop)","1","","1","256"
"48304","Circular Quay","1","","1","257"
"48889","Circular Quay","1","","1","260"
"48229","Circular Quay","1","","1","257"
"48211","Circular Quay","1","","1","257"
"76551","Darling Harbour, Pier 26 (Via Loop)","1","","1","816"
"50437","Armory Wharf","0","","1","257"
"75778","Palm Beach Wharf (Via Loop)","0","","1","810"
"130629","Queens Wharf (Via Loop)","0","","1","89"
"130449","Stockton Wharf (Via Loop)","1","","1","89"
"50920","Manly Wharf","0","","1","255"
"130718","Stockton Wharf (Via Loop)","1","","1","89"
"130656","Queens Wharf (Via Loop)","0","","1","89"
"76798","Darling Harbour, Pier 26 (Via Loop)","1","","1","820"
"50107","Watsons Bay Wharf","0","","1","261"
"76462","Darling Harbour, Pier 26 (Via Loop)","1","","1","820"
"131131","Queens Wharf (Via Loop)","0","","1","89"
"47936","Manly Wharf","0","","1","255"
"48223","Circular Quay","1","","1","257"
"79286","Circular Quay","1","","1","825"
"48094","Parramatta Wharf","0","","1","257"
"79046","Circular Quay","1","","1","825"
"48217","Circular Quay","1","","1","257"
"76292","Circular Quay","1","","1","817"
"79341","Manly Wharf","0","","1","825"
"48739","Circular Quay","1","","1","260"
"130712","Stockton Wharf (Via Loop)","1","","1","89"
"79396","Circular Quay, Eastern Pontoon","1","","1","825"
"48026","Circular Quay","1","","1","256"
"48241","Circular Quay","1","","1","257"
"48519","Circular Quay","1","","1","257"
"51036","Circular Quay","1","","1","255"
"75983","Woy Woy Wharf","1","","1","813"
"50997","Circular Quay","1","","1","255"
"76364","Circular Quay (Via Loop)","1","","1","817"
"50578","Taronga Zoo Wharf","0","","1","256"
"51256","Circular Quay","1","","1","255"
"79252","Circular Quay, Eastern Pontoon","1","","1","825"
"76734","Circular Quay","1","","1","817"
"47836","Meadowbank Wharf","0","","1","257"
"76202","Church Point Wharf (Via Loop)","1","","1","815"
"78307","Circular Quay, Harbour Master Steps","1","","1","821"
"48943","Rose Bay Wharf","0","","1","261"
"130585","Queens Wharf (Via Loop)","0","","1","89"
"48181","Rydalmere Wharf","0","","1","257"
"47884","Circular Quay","1","","1","260"
"50546","Taronga Zoo Wharf","0","","1","256"
"48768","Circular Quay","1","","1","260"
"77103","Manly Hotel Wharf","0","","1","821"
"50847","Mosman Bay Wharf","0","","1","260"
"76566","Circular Quay","1","","1","817"
"78354","Circular Quay","1","","1","821"
"78949","Manly Hotel Wharf","0","","1","822"
"48892","Circular Quay","1","","1","260"
"50802","Circular Quay","1","","1","260"
"79330","Manly Wharf","0","","1","825"
"76554","Fort Denison Wharf (Via Loop)","0","","1","816"
"75986","Woy Woy Wharf","1","","1","813"
"76208","Circular Quay","1","","1","817"
"76456","Darling Harbour, Pier 26 (Via Loop)","1","","1","820"
"76922","Darling Harbour, Pier 26","1","","1","818"
"48008","Taronga Zoo Wharf","0","","1","256"
"79398","Circular Quay, Eastern Pontoon","1","","1","825"
"78368","Manly Hotel Wharf","0","","1","821"
"50723","Circular Quay (Via Loop)","1","","1","258"
"77016","Darling Harbour, Pier 26 (Via Loop)","1","","1","816"
"131224","Stockton Wharf (Via Loop)","1","","1","89"
"76184","Church Point Wharf (Via Loop)","1","","1","815"
"130511","Stockton Wharf (Via Loop)","1","","1","89"
"75980","Woy Woy Wharf","1","","1","813"
"51493","Circular Quay","1","","1","255"
"77165","Circular Quay","1","","1","821"
"51237","Manly Wharf","0","","1","255"
"49141","Manly Wharf","0","","1","255"
"130479","Stockton Wharf (Via Loop)","1","","1","89"
"50065","Parramatta Wharf","0","","1","257"
"49095","Circular Quay","1","","1","261"
"76024","Woy Woy Wharf","1","","1","813"
"50515","Taronga Zoo Wharf","0","","1","256"
"48869","Mosman Bay Wharf","0","","1","260"
"48403","Rydalmere Wharf","0","","1","257"
"50763","Circular Quay (Via Loop)","0","","1","259"
"49085","Watsons Bay Wharf","0","","1","261"
"78567","Circular Quay","1","","1","822"
"76081","Church Point Wharf","1","","1","815"
"76998","Darling Harbour, Pier 26 (Via Loop)","1","","1","820"
"130776","Stockton Wharf (Via Loop)","1","","1","89"
"77091","Circular Quay","1","","1","821"
"48208","Circular Quay","1","","1","257"
"48313","Rydalmere Wharf","1","","1","257"
"50641","Circular Quay","1","","1","256"
"131144","Queens Wharf (Via Loop)","0","","1","89"
"77186","Manly Hotel Wharf","0","","1","821"
"48946","Rose Bay Wharf","0","","1","261"
"130858","Queens Wharf (Via Loop)","0","","1","89"
"51048","Circular Quay","1","","1","255"
"131063","Queens Wharf (Via Loop)","0","","1","89"
"48964","Double Bay Wharf","0","","1","261"
"75884","Brooklyn Wharf (Via Loop)","1","","1","812"
"75766","Palm Beach Wharf","1","","1","811"
"50486","Circular Quay","1","","1","257"
"77043","Darling Harbour, Pier 26 (Via Loop)","1","","1","816"
"50824","Circular Quay","1","","1","260"
"48780","Circular Quay","1","","1","260"
"48115","Darling Harbour Wharf","1","","1","257"
"78279","Manly Hotel Wharf","0","","1","821"
"131241","Stockton Wharf (Via Loop)","1","","1","89"
"130823","Queens Wharf (Via Loop)","0","","1","89"
"75577","Bundeena Wharf","0","","1","809"
"76102","Church Point Wharf (Via Loop)","1","","1","815"
"51261","Circular Quay","1","","1","255"
"47915","Circular Quay","1","","1","261"
"130722","Stockton Wharf (Via Loop)","1","","1","89"
"76982","Circular Quay (Via Loop)","1","","1","817"
"75857","Palm Beach Wharf (Via Loop)","0","","1","810"
"130710","Stockton Wharf (Via Loop)","1","","1","89"
"79405","Manly Wharf","0","","1","825"
"48193","Circular Quay","1","","1","257"
"76964","Circular Quay","1","","1","817"
"51151","Manly Wharf","0","","1","255"
"77001","Darling Harbour, Pier 26 (Via Loop)","1","","1","820"
"130940","Stockton Wharf (Via Loop)","1","","1","89"
"79109","Circular Quay, Eastern Pontoon","1","","1","825"
"48534","Circular Quay (Via Loop)","1","","1","258"
"79327","Circular Quay","1","","1","825"
"79220","Manly Wharf","0","","1","825"
"48301","Circular Quay","1","","1","257"
"49037","Circular Quay","1","","1","261"
"51202","Manly Wharf","0","","1","255"
"78988","Circular Quay","1","","1","822"
"130506","Stockton Wharf (Via Loop)","1","","1","89"
"78195","Circular Quay","1","","1","821"
"75977","Woy Woy Wharf","1","","1","813"
"48082","Circular Quay (Via Loop)","0","","1","256"
"50600","Circular Quay","1","","1","256"
"75638","Cronulla Wharf","0","","1","808"
"50242","Circular Quay","1","","1","261"
"48830","Mosman Bay Wharf","0","","1","260"
"50787","Circular Quay (Via Loop)","0","","1","259"
"75685","Bundeena Wharf","0","","1","809"
"48605","Circular Quay (Via Loop)","1","","1","258"
"79056","Circular Quay","1","","1","825"
"48118","Darling Harbour Wharf","1","","1","257"
"131021","Stockton Wharf (Via Loop)","1","","1","89"
"48232","Circular Quay","1","","1","257"
"78454","Circular Quay","1","","1","822"
"50116","Watsons Bay Wharf","0","","1","261"
"79088","Manly Wharf","0","","1","825"
"76220","Circular Quay","1","","1","817"
"51063","Taronga Zoo Wharf","0","","1","256"
"79446","Circular Quay, Eastern Pontoon","1","","1","825"
"51000","Circular Quay","1","","1","255"
"76707","Darling Harbour, Pier 26 (Via Loop)","1","","1","819"
"76459","Darling Harbour, Pier 26 (Via Loop)","1","","1","820"
"48877","Mosman Bay Wharf","0","","1","260"
"50420","Armory Wharf","0","","1","257"
"50693","Circular Quay (Via Loop)","1","","1","258"
"78476","Darling Harbour, Aquarium Wharf (Via Loop)","0","","1","824"
"79379","Manly Wharf","0","","1","825"
"78879","Circular Quay","1","","1","822"
"50924","Manly Wharf","0","","1","255"
"79343","Manly Wharf","0","","1","825"
"78238","Circular Quay","1","","1","821"
"75561","Cronulla Wharf","0","","1","808"
"75625","Cronulla Wharf","0","","1","808"
"48792","Mosman Bay Wharf","0","","1","260"
"48531","Circular Quay (Via Loop)","1","","1","258"
"51109","Circular Quay","1","","1","256"
"50621","Circular Quay","1","","1","256"
"78479","Darling Harbour, Aquarium Wharf (Via Loop)","0","","1","824"
"48995","Circular Quay","1","","1","261"
"50881","Manly Wharf","0","","1","255"
"76392","Circular Quay (Via Loop)","1","","1","817"
"50093","Circular Quay (Via Loop)","1","","1","258"
"50495","Taronga Zoo Wharf","0","","1","256"
"76090","Church Point Wharf (Via Loop)","1","","1","815"
"75939","Brooklyn Wharf (Via Loop)","1","","1","812"
"48718","Circular Quay (Via Loop)","0","","1","259"
"130683","Queens Wharf (Via Loop)","0","","1","89"
"49119","Double Bay Wharf","0","","1","261"
"130737","Stockton Wharf (Via Loop)","1","","1","89"
"76078","Church Point Wharf (Via Loop)","1","","1","815"
"48124","Darling Harbour Wharf","1","","1","257"
"130715","Stockton Wharf (Via Loop)","1","","1","89"
"48023","Circular Quay","1","","1","256"
"50200","Circular Quay","1","","1","261"
"49002","Circular Quay","1","","1","261"
"48685","Circular Quay (Via Loop)","0","","1","259"
"51212","Manly Wharf","0","","1","255"
"79217","Manly Wharf","0","","1","825"
"79350","Manly Wharf","0","","1","825"
"50389","Circular Quay","1","","1","257"
"50866","Circular Quay","1","","1","260"
"48017","Circular Quay","1","","1","256"
"49055","Watsons Bay Wharf","0","","1","261"
"48088","Parramatta Wharf","0","","1","257"
"51367","Manly Wharf","0","","1","255"
"130703","Stockton Wharf (Via Loop)","1","","1","89"
"78651","Darling Harbour, Aquarium Wharf (Via Loop)","0","","1","824"
"75642","Cronulla Wharf","0","","1","808"
"75887","Brooklyn Wharf (Via Loop)","1","","1","812"
"78067","Darling Harbour, Aquarium Wharf (Via Loop)","0","","1","823"
"50729","Circular Quay (Via Loop)","1","","1","258"
"131058","Queens Wharf (Via Loop)","0","","1","89"
"78798","Manly Hotel Wharf","0","","1","822"
"48599","Circular Quay (Via Loop)","1","","1","258"
"51182","Manly Wharf","0","","1","255"
"130887","Queens Wharf (Via Loop)","0","","1","89"
"130594","Queens Wharf (Via Loop)","0","","1","89"
"76548","Darling Harbour, Pier 26 (Via Loop)","1","","1","816"
"50266","Circular Quay","1","","1","261"
"76901","Jeffrey Street Wharf","1","","1","818"
"47830","Meadowbank Wharf","0","","1","257"
"48844","Mosman Bay Wharf","0","","1","260"
"130674","Stockton Wharf (Via Loop)","1","","1","89"
"76746","Circular Quay","1","","1","817"
"79106","Circular Quay, Eastern Pontoon","1","","1","825"
"77067","Darling Harbour, Pier 26 (Via Loop)","1","","1","819"
"48602","Circular Quay (Via Loop)","1","","1","258"
"75722","Palm Beach Wharf (Via Loop)","1","","1","811"
"76268","Circular Quay","1","","1","817"
"131016","Stockton Wharf (Via Loop)","1","","1","89"
"76719","Circular Quay, Harbour Master Steps","1","","1","819"
"130485","Stockton Wharf (Via Loop)","1","","1","89"
"77106","Manly Hotel Wharf","0","","1","821"
"130687","Queens Wharf (Via Loop)","0","","1","89"
"48880","Mosman Bay Wharf","0","","1","260"
"75545","Cronulla Wharf","0","","1","808"
"130695","Stockton Wharf (Via Loop)","1","","1","89"
"130537","Stockton Wharf (Via Loop)","1","","1","89"
"76301","Circular Quay (Via Loop)","1","","1","817"
"130946","Stockton Wharf (Via Loop)","1","","1","89"
"130531","Stockton Wharf (Via Loop)","1","","1","89"
"50129","Watsons Bay Wharf","0","","1","261"
"47966","Taronga Zoo Wharf","0","","1","256"
"130967","Stockton Wharf (Via Loop)","1","","1","89"
"48470","Darling Harbour Wharf","1","","1","257"
"77007","Darling Harbour, Pier 26 (Via Loop)","1","","1","820"
"78952","Manly Hotel Wharf","0","","1","822"
"50566","Taronga Zoo Wharf","0","","1","256"
"76426","Darling Harbour, Pier 26 (Via Loop)","1","","1","820"
"51007","Circular Quay","1","","1","255"
"49014","Circular Quay","1","","1","261"
"79318","Circular Quay","1","","1","825"
"79338","Manly Wharf","0","","1","825"
"75741","Palm Beach Wharf (Via Loop)","1","","1","811"
"75851","Palm Beach Wharf (Via Loop)","0","","1","810"
"48214","Circular Quay","1","","1","257"
"76498","Darling Harbour, Pier 26 (Via Loop)","1","","1","820"
"50929","Manly Wharf","0","","1","255"
"51170","Manly Wharf","0","","1","255"
"48635","Circular Quay (Via Loop)","0","","1","259"
"78835","Circular Quay","1","","1","822"
"79468","Circular Quay, Eastern Pontoon","1","","1","825"
"131294","Queens Wharf (Via Loop)","0","","1","89"
"76519","Fort Denison Wharf (Via Loop)","0","","1","816"
"50365","Circular Quay","1","","1","257"
"51268","Circular Quay","1","","1","255"
"75881","Brooklyn Wharf (Via Loop)","1","","1","812"
"48482","Circular Quay","1","","1","257"
"77058","Darling Harbour, Pier 26 (Via Loop)","1","","1","819"
"75796","Palm Beach Wharf (Via Loop)","0","","1","810"
"78401","Manly Hotel Wharf","0","","1","822"
"48350","Meadowbank Wharf","0","","1","257"
"49073","Circular Quay","1","","1","261"
"48187","Circular Quay","1","","1","257"
"75817","Palm Beach Wharf (Via Loop)","1","","1","811"
"51307","Circular Quay","1","","1","255"
"130855","Queens Wharf (Via Loop)","0","","1","89"
"50808","Circular Quay","1","","1","260"
"48513","Meadowbank Wharf","0","","1","257"
"77028","Fort Denison Wharf (Via Loop)","0","","1","816"
"130755","Stockton Wharf (Via Loop)","1","","1","89"
"130876","Queens Wharf (Via Loop)","0","","1","89"
"50037","Circular Quay","1","","1","257"
"78745","Circular Quay","1","","1","822"
"79414","Manly Wharf","0","","1","825"
"50537","Taronga Zoo Wharf","0","","1","256"
"76262","Circular Quay","1","","1","817"
"49110","Circular Quay","1","","1","261"
"51500","Circular Quay","1","","1","255"
"78365","Manly Hotel Wharf","0","","1","821"
"130826","Queens Wharf (Via Loop)","0","","1","89"
"50588","Circular Quay","1","","1","256"
"76919","Riverview College Wharf","0","","1","818"
"75963","Dangar Island Wharf (Via Loop)","1","","1","812"
"79333","Manly Wharf","0","","1","825"
"48205","Circular Quay","1","","1","257"
"77232","Manly Hotel Wharf","0","","1","821"
"48922","Rose Bay Wharf","0","","1","261"
"76122","Church Point Wharf (Via Loop)","1","","1","815"
"50650","Circular Quay","1","","1","256"
"76253","Circular Quay","1","","1","817"
"78259","Manly Hotel Wharf","0","","1","821"
"48011","Taronga Zoo Wharf","0","","1","256"
"77070","Circular Quay","1","","1","821"
"48756","Circular Quay","1","","1","260"
"79250","Circular Quay, Eastern Pontoon","1","","1","825"
"131218","Stockton Wharf (Via Loop)","1","","1","89"
"76340","Circular Quay (Via Loop)","1","","1","817"
"50853","Mosman Bay Wharf","0","","1","260"
"48516","Circular Quay","1","","1","257"
"48199","Circular Quay","1","","1","257"
"48226","Circular Quay","1","","1","257"
"48458","Meadowbank Wharf","0","","1","257"
"78644","Darling Harbour, Aquarium Wharf (Via Loop)","0","","1","824"
"130624","Queens Wharf (Via Loop)","0","","1","89"
"78325","Darling Harbour, Aquarium Wharf (Via Loop)","0","","1","823"
"48914","Circular Quay","1","","1","260"
"51430","Manly Wharf","0","","1","255"
"48673","Circular Quay (Via Loop)","0","","1","259"
"76785","Darling Harbour, Pier 26 (Via Loop)","1","","1","820"
"50477","Circular Quay","1","","1","257"
"130476","Stockton Wharf (Via Loop)","1","","1","89"
"51415","Manly Wharf","0","","1","255"
"76904","Darling Harbour, Pier 26","1","","1","818"
"131126","Queens Wharf (Via Loop)","0","","1","89"
"47942","Taronga Zoo Wharf","0","","1","256"
"131006","Stockton Wharf (Via Loop)","1","","1","89"
"78780","Manly Hotel Wharf","0","","1","822"
"78928","Darling Harbour, Aquarium Wharf (Via Loop)","0","","1","824"
"50435","Armory Wharf","0","","1","257"
"51230","Manly Wharf","0","","1","255"
"75745","Palm Beach Wharf (Via Loop)","0","","1","810"
"75808","Palm Beach Wharf (Via Loop)","1","","1","811"
"76875","Circular Quay (Via Loop)","1","","1","820"
"78424","Circular Quay","1","","1","822"
"48715","Circular Quay (Via Loop)","0","","1","259"
"50180","Circular Quay","1","","1","261"
"47963","Taronga Zoo Wharf","0","","1","256"
"51112","Circular Quay","1","","1","256"
"76349","Circular Quay (Via Loop)","1","","1","817"
"75769","Palm Beach Wharf (Via Loop)","1","","1","811"
"50054","Darling Harbour Wharf","1","","1","257"
"50258","Watsons Bay Wharf","0","","1","261"
"51003","Circular Quay","1","","1","255"
"50197","Circular Quay","1","","1","261"
"76429","Darling Harbour, Pier 26 (Via Loop)","1","","1","820"
"78398","Manly Hotel Wharf","0","","1","822"
"50878","Manly Wharf","0","","1","255"
"76400","Circular Quay (Via Loop)","1","","1","817"
"48664","Circular Quay (Via Loop)","0","","1","259"
"76169","Church Point Wharf","1","","1","815"
"50525","Taronga Zoo Wharf","0","","1","256"
"50167","Circular Quay","1","","1","261"
"50612","Circular Quay","1","","1","256"
"79353","Manly Wharf","0","","1","825"
"131010","Stockton Wharf (Via Loop)","1","","1","89"
"79227","Manly Wharf","0","","1","825"
"48238","Circular Quay","1","","1","257"
"79127","Circular Quay","1","","1","825"
"78513","Manly Hotel Wharf","0","","1","822"
"78906","Circular Quay, Harbour Master Steps","1","","1","822"
"50926","Manly Wharf","0","","1","255"
"76973","Circular Quay","1","","1","817"
"75713","Palm Beach Wharf (Via Loop)","0","","1","810"
"75681","Bundeena Wharf","0","","1","809"
"76128","Church Point Wharf (Via Loop)","1","","1","815"
"48220","Circular Quay","1","","1","257"
"75609","Bundeena Wharf","0","","1","809"
"131123","Queens Wharf (Via Loop)","0","","1","89"
"48020","Circular Quay","1","","1","256"
"76193","Church Point Wharf (Via Loop)","1","","1","815"
"76178","Church Point Wharf (Via Loop)","1","","1","815"
"48091","Parramatta Wharf","0","","1","257"
"77010","Taronga Zoo Wharf","1","","1","820"
"50779","Circular Quay (Via Loop)","0","","1","259"
"130820","Queens Wharf (Via Loop)","0","","1","89"
"78282","Manly Hotel Wharf","0","","1","821"
"131239","Stockton Wharf (Via Loop)","1","","1","89"
"130435","Stockton Wharf (Via Loop)","1","","1","89"
"50306","Parramatta Wharf","0","","1","257"
"51105","Circular Quay","1","","1","256"
"48753","Circular Quay","1","","1","260"
"47921","Rose Bay Wharf","0","","1","261"
"130693","Stockton Wharf (Via Loop)","1","","1","89"
"78457","Circular Quay","1","","1","822"
"77175","Circular Quay","1","","1","821"
"79152","Circular Quay","1","","1","825"
"78352","Circular Quay","1","","1","821"
"130698","Stockton Wharf (Via Loop)","1","","1","89"
"48184","Circular Quay","1","","1","257"
"51157","Manly Wharf","0","","1","255"
"78529","Circular Quay","1","","1","822"
"131300","Queens Wharf (Via Loop)","0","","1","89"
"75510","Cronulla Wharf","0","","1","808"
"79044","Circular Quay","1","","1","825"
"130641","Queens Wharf (Via Loop)","0","","1","89"
"48364","Circular Quay","1","","1","257"
"78564","Circular Quay","1","","1","822"
"50233","Circular Quay","1","","1","261"
"78783","Manly Hotel Wharf","0","","1","822"
"78187","Circular Quay","1","","1","821"
"51286","Circular Quay","1","","1","255"
"76247","Circular Quay","1","","1","817"
"50688","Circular Quay (Via Loop)","1","","1","258"
"131072","Queens Wharf (Via Loop)","0","","1","89"
"49107","Circular Quay","1","","1","261"
"75974","Woy Woy Wharf","1","","1","813"
"48817","Mosman Bay Wharf","0","","1","260"
"50210","Double Bay Wharf","0","","1","261"
"50944","Manly Wharf","0","","1","255"
"48987","Circular Quay","1","","1","261"
"50480","Circular Quay","1","","1","257"
"50099","Circular Quay (Via Loop)","1","","1","258"
"51191","Manly Wharf","0","","1","255"
"50504","Taronga Zoo Wharf","0","","1","256"
"131221","Stockton Wharf (Via Loop)","1","","1","89"
"75897","Brooklyn Wharf (Via Loop)","1","","1","812"
"48373","Circular Quay","1","","1","257"
"79203","Manly Wharf","0","","1","825"
"76851","Darling Harbour, Pier 26 (Via Loop)","1","","1","820"
"48316","Rydalmere Wharf","1","","1","257"
"76501","Darling Harbour, Pier 26 (Via Loop)","1","","1","820"
"47833","Meadowbank Wharf","0","","1","257"
"79375","Manly Wharf","0","","1","825"
"78876","Circular Quay","1","","1","822"
"78771","Manly Hotel Wharf","0","","1","822"
"79133","Circular Quay","1","","1","825"
"48575","Circular Quay (Via Loop)","1","","1","258"
"75549","Cronulla Wharf","0","","1","808"
"78825","Manly Hotel Wharf","0","","1","822"
"131297","Queens Wharf (Via Loop)","0","","1","89"
"51218","Manly Wharf","0","","1","255"
"78984","Circular Quay","1","","1","822"
"48202","Circular Quay","1","","1","257"
"76516","Fort Denison Wharf (Via Loop)","0","","1","816"
"130937","Stockton Wharf (Via Loop)","1","","1","89"
"78802","Manly Hotel Wharf","0","","1","822"
"76137","Halls Wharf, Morning Bay (Via Loop)","1","","1","815"
"76435","Darling Harbour, Pier 26 (Via Loop)","1","","1","820"
"79435","Manly Wharf","0","","1","825"
"130730","Stockton Wharf (Via Loop)","1","","1","89"
"51521","Circular Quay","1","","1","255"
"50827","Mosman Bay Wharf","0","","1","260"
"76883","Circular Quay (Via Loop)","1","","1","820"
"130797","Stockton Wharf (Via Loop)","1","","1","89"
"79191","Manly Wharf","0","","1","825"
"51497","Circular Quay","1","","1","255"
"76111","Church Point Wharf (Via Loop)","1","","1","815"
"130853","Queens Wharf (Via Loop)","0","","1","89"
"48648","Circular Quay (Via Loop)","0","","1","259"
"48578","Circular Quay (Via Loop)","1","","1","258"
"79359","Manly Wharf","0","","1","825"
"130779","Stockton Wharf (Via Loop)","1","","1","89"
"78778","Manly Hotel Wharf","0","","1","822"
"50062","Parramatta Wharf","0","","1","257"
"48694","Circular Quay (Via Loop)","0","","1","259"
"50498","Taronga Zoo Wharf","0","","1","256"
"130914","Queens Wharf (Via Loop)","0","","1","89"
"130818","Queens Wharf (Via Loop)","0","","1","89"
"78859","Circular Quay","1","","1","822"
"50558","Taronga Zoo Wharf","0","","1","256"
"76834","Circular Quay (Via Loop)","1","","1","817"
"50341","Circular Quay","1","","1","257"
"131289","Queens Wharf (Via Loop)","0","","1","89"
"131236","Stockton Wharf (Via Loop)","1","","1","89"
"76235","Circular Quay","1","","1","817"
"75673","Bundeena Wharf","0","","1","809"
"48552","Circular Quay (Via Loop)","1","","1","258"
"77119","Darling Harbour, Aquarium Wharf (Via Loop)","0","","1","823"
"79389","Circular Quay, Eastern Pontoon","1","","1","825"
"78079","Darling Harbour, Aquarium Wharf (Via Loop)","0","","1","823"
"50416","Armory Wharf","0","","1","257"
"75878","Brooklyn Wharf (Via Loop)","1","","1","812"
"78409","Circular Quay","1","","1","822"
"47893","Mosman Bay Wharf","0","","1","260"
"78388","Manly Hotel Wharf","0","","1","821"
"78873","Circular Quay","1","","1","822"
"50527","Taronga Zoo Wharf","0","","1","256"
"50047","Circular Quay","1","","1","257"
"48467","Darling Harbour Wharf","1","","1","257"
"75737","Palm Beach Wharf (Via Loop)","1","","1","811"
"50718","Circular Quay (Via Loop)","1","","1","258"
"76319","Circular Quay (Via Loop)","1","","1","817"
"78244","Manly Hotel Wharf","0","","1","821"
"130549","Stockton Wharf (Via Loop)","1","","1","89"
"79255","Circular Quay, Eastern Pontoon","1","","1","825"
"48644","Circular Quay (Via Loop)","0","","1","259"
"76453","Darling Harbour, Pier 26 (Via Loop)","1","","1","820"
"131209","Stockton Wharf (Via Loop)","1","","1","89"
"79431","Manly Wharf","0","","1","825"
"50744","Circular Quay (Via Loop)","1","","1","258"
"131227","Stockton Wharf (Via Loop)","1","","1","89"
"48479","Darling Harbour Wharf","1","","1","257"
"75507","Bundeena Wharf","0","","1","809"
"75541","Cronulla Wharf","0","","1","808"
"75839","Palm Beach Wharf (Via Loop)","0","","1","810"
"48253","Circular Quay","1","","1","257"
"131134","Queens Wharf (Via Loop)","0","","1","89"
"78894","Circular Quay","1","","1","822"
"50468","Cockatoo Island Wharf","0","","1","257"
"48340","Meadowbank Wharf","0","","1","257"
"76531","Fort Denison Wharf (Via Loop)","0","","1","816"
"75814","Palm Beach Wharf (Via Loop)","1","","1","811"
"131075","Queens Wharf (Via Loop)","0","","1","89"
"131197","Stockton Wharf (Via Loop)","1","","1","89"
"75665","Cronulla Wharf","0","","1","808"
"130564","Queens Wharf (Via Loop)","0","","1","89"
"49147","Circular Quay","1","","1","255"
"131013","Stockton Wharf (Via Loop)","1","","1","89"
"130653","Queens Wharf (Via Loop)","0","","1","89"
"130847","Queens Wharf (Via Loop)","0","","1","89"
"76804","Darling Harbour, Pier 26 (Via Loop)","1","","1","820"
"48055","Circular Quay","1","","1","256"
"78346","Circular Quay","1","","1","821"
"47912","Circular Quay","1","","1","261"
"51090","Taronga Zoo Wharf","0","","1","256"
"76970","Circular Quay","1","","1","817"
"79140","Circular Quay","1","","1","825"
"50603","Circular Quay","1","","1","256"
"51102","Circular Quay","1","","1","256"
"51336","Circular Quay","1","","1","255"
"76199","Church Point Wharf (Via Loop)","1","","1","815"
"75924","Dangar Island Wharf (Via Loop)","1","","1","812"
"78751","Manly Hotel Wharf","0","","1","822"
"79371","Manly Wharf","0","","1","825"
"48488","Darling Harbour Wharf","1","","1","257"
"76229","Circular Quay","1","","1","817"
"76015","Davistown, Lintern St Wharf","0","","1","813"
"78253","Manly Hotel Wharf","0","","1","821"
"76325","Circular Quay (Via Loop)","1","","1","817"
"48076","Circular Quay (Via Loop)","0","","1","256"
"75799","Palm Beach Wharf (Via Loop)","0","","1","810"
"78422","Circular Quay","1","","1","822"
"79215","Manly Wharf","0","","1","825"
"50164","Circular Quay","1","","1","261"
"50732","Circular Quay (Via Loop)","1","","1","258"
"79289","Circular Quay","1","","1","825"
"130901","Queens Wharf (Via Loop)","0","","1","89"
"48298","Circular Quay","1","","1","257"
"50194","Circular Quay","1","","1","261"
"76837","Circular Quay (Via Loop)","1","","1","817"
"47899","Mosman Bay Wharf","0","","1","260"
"48406","Chiswick Wharf","0","","1","257"
"79149","Circular Quay","1","","1","825"
"76036","Woy Woy Wharf","1","","1","813"
"130567","Queens Wharf (Via Loop)","0","","1","89"
"75863","Brooklyn Wharf (Via Loop)","1","","1","812"
"50815","Circular Quay","1","","1","260"
"79223","Manly Wharf","0","","1","825"
"50963","Manly Wharf","0","","1","255"
"79062","Manly Wharf","0","","1","825"
"75537","Cronulla Wharf","0","","1","808"
"51205","Manly Wharf","0","","1","255"
"75921","Brooklyn Wharf (Via Loop)","1","","1","812"
"50471","Cockatoo Island Wharf","0","","1","257"
"48505","Meadowbank Wharf","0","","1","257"
"50251","Watsons Bay Wharf","0","","1","261"
"130725","Stockton Wharf (Via Loop)","1","","1","89"
"50278","Parramatta Wharf","0","","1","257"
"50450","Cockatoo Island Wharf","0","","1","257"
"78075","Darling Harbour, Aquarium Wharf (Via Loop)","0","","1","823"
"76417","Darling Harbour, Pier 26 (Via Loop)","1","","1","820"
"130767","Stockton Wharf (Via Loop)","1","","1","89"
"48968","Double Bay Wharf","0","","1","261"
"76069","Church Point Wharf (Via Loop)","1","","1","815"
"78216","Circular Quay","1","","1","821"
"131048","Stockton Wharf (Via Loop)","1","","1","89"
"47951","Circular Quay (Via Loop)","1","","1","256"
"50569","Taronga Zoo Wharf","0","","1","256"
"76117","Church Point Wharf (Via Loop)","1","","1","815"
"48554","Circular Quay (Via Loop)","1","","1","258"
"75827","Palm Beach Wharf (Via Loop)","1","","1","811"
"130528","Stockton Wharf (Via Loop)","1","","1","89"
"131286","Queens Wharf (Via Loop)","0","","1","89"
"130446","Stockton Wharf (Via Loop)","1","","1","89"
"50161","Circular Quay","1","","1","261"
"47854","Circular Quay (Via Loop)","1","","1","258"
"76337","Circular Quay (Via Loop)","1","","1","817"
"50749","Circular Quay (Via Loop)","1","","1","258"
"48247","Circular Quay","1","","1","257"
"77013","Darling Harbour, Pier 26","1","","1","820"
"48813","Mosman Bay Wharf","0","","1","260"
"76223","Circular Quay","1","","1","817"
"78648","Darling Harbour, Aquarium Wharf (Via Loop)","0","","1","824"
"78554","Circular Quay","1","","1","822"
"50441","Armory Wharf","0","","1","257"
"75760","Palm Beach Wharf (Via Loop)","0","","1","810"
"50455","Cockatoo Island Wharf","0","","1","257"
"48998","Circular Quay","1","","1","261"
"130582","Queens Wharf (Via Loop)","0","","1","89"
"131233","Stockton Wharf (Via Loop)","1","","1","89"
"76940","Riverview College Wharf","0","","1","818"
"75930","Brooklyn Wharf (Via Loop)","1","","1","812"
"47860","Circular Quay (Via Loop)","1","","1","258"
"76495","Darling Harbour, Pier 26 (Via Loop)","1","","1","820"
"50860","Mosman Bay Wharf","0","","1","260"
"50905","Manly Wharf","0","","1","255"
"130503","Stockton Wharf (Via Loop)","1","","1","89"
"50215","Double Bay Wharf","0","","1","261"
"47845","Circular Quay","1","","1","257"
"50757","Circular Quay (Via Loop)","0","","1","259"
"78946","Manly Hotel Wharf","0","","1","822"
"48121","Darling Harbour Wharf","1","","1","257"
"76310","Circular Quay (Via Loop)","1","","1","817"
"78847","Circular Quay","1","","1","822"
"48014","Circular Quay","1","","1","256"
"79372","Manly Wharf","0","","1","825"
"78522","Circular Quay","1","","1","822"
"78919","Darling Harbour, Aquarium Wharf (Via Loop)","0","","1","824"
"79167","Circular Quay","1","","1","825"
"130850","Queens Wharf (Via Loop)","0","","1","89"
"130749","Stockton Wharf (Via Loop)","1","","1","89"
"75669","Cronulla Wharf","0","","1","808"
"48765","Circular Quay","1","","1","260"
"75606","Bundeena Wharf","0","","1","809"
"79103","Manly Wharf","0","","1","825"
"48353","Circular Quay","1","","1","257"
"51094","Taronga Zoo Wharf","0","","1","256"
"130879","Queens Wharf (Via Loop)","0","","1","89"
"79461","Circular Quay, Eastern Pontoon","1","","1","825"
"75909","Brooklyn Wharf (Via Loop)","1","","1","812"
"78981","Circular Quay","1","","1","822"
"48370","Circular Quay","1","","1","257"
"75903","Brooklyn Wharf (Via Loop)","1","","1","812"
"50782","Circular Quay (Via Loop)","0","","1","259"
"77100","Manly Hotel Wharf","0","","1","821"
"79086","Manly Wharf","0","","1","825"
"48434","Rydalmere Wharf","0","","1","257"
"130740","Stockton Wharf (Via Loop)","1","","1","89"
"48376","Circular Quay","1","","1","257"
"76120","Church Point Wharf (Via Loop)","1","","1","815"
"50087","Circular Quay (Via Loop)","1","","1","258"
"51280","Circular Quay","1","","1","255"
"76743","Circular Quay","1","","1","817"
"76807","Darling Harbour, Pier 26 (Via Loop)","1","","1","820"
"76872","Circular Quay (Via Loop)","1","","1","820"
"76792","Darling Harbour, Pier 26 (Via Loop)","1","","1","820"
"50110","Circular Quay","1","","1","261"
"50464","Cockatoo Island Wharf","0","","1","257"
"130680","Queens Wharf (Via Loop)","0","","1","89"
"48485","Darling Harbour Wharf","1","","1","257"
"131291","Queens Wharf (Via Loop)","0","","1","89"
"75630","Bundeena Wharf","0","","1","809"
"49151","Circular Quay","1","","1","255"
"78348","Circular Quay","1","","1","821"
"76280","Circular Quay","1","","1","817"
"76881","Circular Quay (Via Loop)","1","","1","820"
"77019","Fort Denison Wharf (Via Loop)","0","","1","816"
"79277","Circular Quay, Eastern Pontoon","1","","1","825"
"50519","Taronga Zoo Wharf","0","","1","256"
"130602","Queens Wharf (Via Loop)","0","","1","89"
"50155","Watsons Bay Wharf","0","","1","261"
"75597","Bundeena Wharf","0","","1","809"
"47887","Mosman Bay Wharf","0","","1","260"
"79083","Manly Wharf","0","","1","825"
"47999","Taronga Zoo Wharf","0","","1","256"
"48416","Chiswick Wharf","0","","1","257"
"76420","Darling Harbour, Pier 26 (Via Loop)","1","","1","820"
"76009","Woy Woy Wharf","1","","1","813"
"48052","Circular Quay","1","","1","256"
"77121","Circular Quay","1","","1","821"
"78754","Manly Hotel Wharf","0","","1","822"
"50249","Watsons Bay Wharf","0","","1","261"
"48853","Mosman Bay Wharf","0","","1","260"
"78211","Circular Quay","1","","1","821"
"130829","Queens Wharf (Via Loop)","0","","1","89"
"130545","Stockton Wharf (Via Loop)","1","","1","89"
"131206","Stockton Wharf (Via Loop)","1","","1","89"
"48244","Circular Quay","1","","1","257"
"78936","Darling Harbour, Aquarium Wharf (Via Loop)","0","","1","824"
"76537","Fort Denison Wharf (Via Loop)","0","","1","816"
"130579","Queens Wharf (Via Loop)","0","","1","89"
"76361","Circular Quay (Via Loop)","1","","1","817"
"131283","Queens Wharf (Via Loop)","0","","1","89"
"50425","Armory Wharf","0","","1","257"
"50095","Circular Quay (Via Loop)","1","","1","258"
"78439","Manly Hotel Wharf","0","","1","822"
"50126","Watsons Bay Wharf","0","","1","261"
"76331","Circular Quay (Via Loop)","1","","1","817"
"50260","Circular Quay","1","","1","261"
"76175","Church Point Wharf (Via Loop)","1","","1","815"
"48748","Circular Quay","1","","1","260"
"78208","Circular Quay","1","","1","821"
"76241","Circular Quay","1","","1","817"
"50703","Circular Quay (Via Loop)","1","","1","258"
"51043","Circular Quay","1","","1","255"
"131138","Queens Wharf (Via Loop)","0","","1","89"
"50453","Cockatoo Island Wharf","0","","1","257"
"51482","Circular Quay","1","","1","255"
"130860","Queens Wharf (Via Loop)","0","","1","89"
"76967","Circular Quay","1","","1","817"
"50377","Circular Quay","1","","1","257"
"48112","Darling Harbour Wharf","1","","1","257"
"76492","Darling Harbour, Pier 26 (Via Loop)","1","","1","820"
"51300","Circular Quay","1","","1","255"
"76140","Scotland Island Wharf, Vivian St","1","","1","815"
"48940","Rose Bay Wharf","0","","1","261"
"130700","Stockton Wharf (Via Loop)","1","","1","89"
"76190","Church Point Wharf (Via Loop)","1","","1","815"
"48670","Circular Quay (Via Loop)","0","","1","259"
"131215","Stockton Wharf (Via Loop)","1","","1","89"
"79292","Circular Quay","1","","1","825"
"48798","Mosman Bay Wharf","0","","1","260"
"50832","Mosman Bay Wharf","0","","1","260"
"50660","Circular Quay","1","","1","256"
"48100","Parramatta Wharf","0","","1","257"
"75866","Brooklyn Wharf (Via Loop)","1","","1","812"
"47924","Circular Quay","1","","1","261"
"50141","Watsons Bay Wharf","0","","1","261"
"50644","Circular Quay","1","","1","256"
"79307","Circular Quay","1","","1","825"
"47933","Rose Bay Wharf","0","","1","261"
"79079","Manly Wharf","0","","1","825"
"51427","Manly Wharf","0","","1","255"
"51403","Manly Wharf","0","","1","255"
"50407","Armory Wharf","0","","1","257"
"48712","Circular Quay (Via Loop)","0","","1","259"
"48061","Circular Quay","1","","1","256"
"75617","Cronulla Wharf","0","","1","808"
"76528","Fort Denison Wharf (Via Loop)","0","","1","816"
"78855","Circular Quay","1","","1","822"
"76274","Circular Quay","1","","1","817"
"50623","Circular Quay","1","","1","256"
"49145","Circular Quay","1","","1","255"
"131141","Queens Wharf (Via Loop)","0","","1","89"
"76816","Circular Quay, Harbour Master Steps","1","","1","820"
"50908","Manly Wharf","0","","1","255"
"75900","Brooklyn Wharf (Via Loop)","1","","1","812"
"76840","Jeffrey Street Wharf","1","","1","818"
"48661","Circular Quay (Via Loop)","0","","1","259"
"51096","Taronga Zoo Wharf","0","","1","256"
"50393","Circular Quay","1","","1","257"
"51140","Circular Quay","1","","1","256"
"75520","Cronulla Wharf","0","","1","808"
"48736","Circular Quay","1","","1","260"
"131095","Queens Wharf (Via Loop)","0","","1","89"
"48079","Circular Quay (Via Loop)","0","","1","256"
"50991","Circular Quay","1","","1","255"
"78850","Circular Quay","1","","1","822"
"78295","Manly Hotel Wharf","0","","1","821"
"50594","Circular Quay","1","","1","256"
"131186","Stockton Wharf (Via Loop)","1","","1","89"
"79392","Circular Quay, Eastern Pontoon","1","","1","825"
"78228","Circular Quay","1","","1","821"
"48989","Circular Quay","1","","1","261"
"50696","Circular Quay (Via Loop)","1","","1","258"
"75875","Brooklyn Wharf (Via Loop)","1","","1","812"
"50399","Circular Quay","1","","1","257"
"78419","Circular Quay","1","","1","822"
"131229","Stockton Wharf (Via Loop)","1","","1","89"
"50751","Circular Quay (Via Loop)","1","","1","258"
"78386","Manly Hotel Wharf","0","","1","821"
"48961","Double Bay Wharf","0","","1","261"
"50573","Taronga Zoo Wharf","0","","1","256"
"75470","Cronulla Wharf","0","","1","808"
"49083","Watsons Bay Wharf","0","","1","261"
"48331","Meadowbank Wharf","0","","1","257"
"50101","Double Bay Wharf","0","","1","261"
"76374","Circular Quay (Via Loop)","1","","1","817"
"48860","Mosman Bay Wharf","0","","1","260"
"49092","Circular Quay","1","","1","261"
"78219","Circular Quay","1","","1","821"
"47824","Circular Quay","1","","1","257"
"75845","Palm Beach Wharf (Via Loop)","0","","1","810"
"50443","Cockatoo Island Wharf","0","","1","257"
"48097","Parramatta Wharf","0","","1","257"
"48391","Parramatta Wharf","0","","1","257"
"79322","Circular Quay","1","","1","825"
"76728","Circular Quay","1","","1","817"
"51060","Circular Quay","1","","1","255"
"77085","Circular Quay","1","","1","821"
"76480","Darling Harbour, Pier 26 (Via Loop)","1","","1","820"
"50654","Circular Quay","1","","1","256"
"78312","Darling Harbour, Aquarium Wharf","0","","1","823"
"79297","Circular Quay","1","","1","825"
"51240","Manly Wharf","0","","1","255"
"51244","Manly Wharf","0","","1","255"
"131309","Queens Wharf (Via Loop)","0","","1","89"
"130734","Stockton Wharf (Via Loop)","1","","1","89"
"130690","Stockton Wharf (Via Loop)","1","","1","89"
"78231","Circular Quay","1","","1","821"
"130974","Stockton Wharf (Via Loop)","1","","1","89"
"49080","Circular Quay","1","","1","261"
"50185","Circular Quay","1","","1","261"
"78321","Darling Harbour, Aquarium Wharf (Via Loop)","0","","1","823"
"48503","Meadowbank Wharf","0","","1","257"
"75677","Bundeena Wharf","0","","1","809"
"78868","Circular Quay","1","","1","822"
"50548","Taronga Zoo Wharf","0","","1","256"
"76380","Circular Quay (Via Loop)","1","","1","817"
"75869","Brooklyn Wharf (Via Loop)","1","","1","812"
"76012","Woy Woy Wharf","1","","1","813"
"50461","Cockatoo Island Wharf","0","","1","257"
"76946","Circular Quay","1","","1","817"
"48250","Circular Quay","1","","1","257"
"49017","Circular Quay","1","","1","261"
"49043","Rose Bay Wharf","0","","1","261"
"48428","Darling Harbour Wharf","1","","1","257"
"76907","Darling Harbour, Pier 26","1","","1","818"
"78180","Manly Hotel Wharf","0","","1","821"
"76096","Church Point Wharf (Via Loop)","1","","1","815"
"48310","Meadowbank Wharf","0","","1","257"
"77046","Darling Harbour, Pier 26 (Via Loop)","1","","1","816"
"75482","Cronulla Wharf","0","","1","808"
"50739","Circular Quay (Via Loop)","1","","1","258"
"79049","Circular Quay","1","","1","825"
"48626","Circular Quay (Via Loop)","1","","1","258"
"49053","Watsons Bay Wharf","0","","1","261"
"130758","Stockton Wharf (Via Loop)","1","","1","89"
"79279","Circular Quay","1","","1","825"
"131312","Queens Wharf (Via Loop)","0","","1","89"
"76852","Darling Harbour, Pier 26 (Via Loop)","1","","1","820"
"79347","Manly Wharf","0","","1","825"
"50821","Circular Quay","1","","1","260"
"48073","Circular Quay","1","","1","256"
"48103","Parramatta Wharf","0","","1","257"
"130558","Queens Wharf (Via Loop)","0","","1","89"
"131070","Queens Wharf (Via Loop)","0","","1","89"
"48109","Parramatta Wharf","0","","1","257"
"47996","Taronga Zoo Wharf","0","","1","256"
"51485","Circular Quay","1","","1","255"
"76099","Church Point Wharf (Via Loop)","1","","1","815"
"48425","Circular Quay","1","","1","257"
"76934","Darling Harbour, Pier 26 (Via Loop)","0","","1","818"
"75569","Bundeena Wharf","0","","1","809"
"79006","Circular Quay","1","","1","821"
"51185","Manly Wharf","0","","1","255"
"51331","Circular Quay","1","","1","255"
"50682","Circular Quay (Via Loop)","1","","1","258"
"79428","Manly Wharf","0","","1","825"
"130911","Queens Wharf (Via Loop)","0","","1","89"
"77167","Circular Quay","1","","1","821"
"78978","Circular Quay","1","","1","822"
"47939","Circular Quay","1","","1","255"
"130638","Queens Wharf (Via Loop)","0","","1","89"
"48950","Rose Bay Wharf","0","","1","261"
"76161","Church Point Wharf (Via Loop)","1","","1","815"
"130952","Stockton Wharf (Via Loop)","1","","1","89"
"75661","Cronulla Wharf","0","","1","808"
"76795","Darling Harbour, Pier 26 (Via Loop)","1","","1","820"
"130542","Stockton Wharf (Via Loop)","1","","1","89"
"78297","Manly Hotel Wharf","0","","1","821"
"75781","Palm Beach Wharf (Via Loop)","0","","1","810"
"50988","Circular Quay","1","","1","255"
"50239","Circular Quay","1","","1","261"
"48703","Circular Quay (Via Loop)","0","","1","259"
"78841","Circular Quay","1","","1","822"
"48786","Circular Quay","1","","1","260"
"77025","Fort Denison Wharf (Via Loop)","0","","1","816"
"48827","Mosman Bay Wharf","0","","1","260"
"47993","Taronga Zoo Wharf","0","","1","256"
"49019","Circular Quay","1","","1","261"
"50446","Cockatoo Island Wharf","0","","1","257"
"75533","Cronulla Wharf","0","","1","808"
"48971","Double Bay Wharf","0","","1","261"
"76367","Circular Quay (Via Loop)","1","","1","817"
"77117","Darling Harbour, Aquarium Wharf (Via Loop)","0","","1","823"
"51100","Taronga Zoo Wharf","0","","1","256"
"51142","Circular Quay","1","","1","256"
"79464","Circular Quay, Eastern Pontoon","1","","1","825"
"79247","Circular Quay, Eastern Pontoon","1","","1","825"
"49034","Circular Quay","1","","1","261"
"130907","Queens Wharf (Via Loop)","0","","1","89"
"130636","Queens Wharf (Via Loop)","0","","1","89"
"50662","Circular Quay","1","","1","256"
"130845","Queens Wharf (Via Loop)","0","","1","89"
"48652","Circular Quay (Via Loop)","0","","1","259"
"50123","Watsons Bay Wharf","0","","1","261"
"48584","Circular Quay (Via Loop)","1","","1","258"
"50581","Circular Quay","1","","1","256"
"51478","Circular Quay","1","","1","255"
"75601","Bundeena Wharf","0","","1","809"
"131212","Stockton Wharf (Via Loop)","1","","1","89"
"76483","Darling Harbour, Pier 26 (Via Loop)","1","","1","820"
"78222","Circular Quay","1","","1","821"
"75634","Cronulla Wharf","0","","1","808"
"48795","Mosman Bay Wharf","0","","1","260"
"76286","Circular Quay","1","","1","817"
"47869","Circular Quay (Via Loop)","0","","1","259"
"50113","Watsons Bay Wharf","0","","1","261"
"131306","Queens Wharf (Via Loop)","0","","1","89"
"76810","Taronga Zoo Wharf","1","","1","820"
"50773","Circular Quay (Via Loop)","0","","1","259"
"78817","Manly Hotel Wharf","0","","1","822"
"78193","Circular Quay","1","","1","821"
"48777","Circular Quay","1","","1","260"
"48058","Circular Quay","1","","1","256"
"76895","Circular Quay (Via Loop)","1","","1","817"
"51194","Manly Wharf","0","","1","255"
"76542","Darling Harbour, Pier 26 (Via Loop)","1","","1","816"
"47857","Circular Quay (Via Loop)","1","","1","258"
"76386","Circular Quay (Via Loop)","1","","1","817"
"75825","Palm Beach Wharf (Via Loop)","1","","1","811"
"48464","Cabarita Wharf","0","","1","257"
"51313","Circular Quay","1","","1","255"
"50917","Manly Wharf","0","","1","255"
"48002","Taronga Zoo Wharf","0","","1","256"
"50994","Circular Quay","1","","1","255"
"50956","Manly Wharf","0","","1","255"
"48935","Rose Bay Wharf","0","","1","261"
"48494","Circular Quay","1","","1","257"
"78077","Darling Harbour, Aquarium Wharf (Via Loop)","0","","1","823"
"130800","Stockton Wharf (Via Loop)","1","","1","89"
"48507","Meadowbank Wharf","0","","1","257"
"76164","Newport Wharf","1","","1","815"
"131093","Queens Wharf (Via Loop)","0","","1","89"
"78488","Manly Hotel Wharf","0","","1","822"
"48911","Circular Quay","1","","1","260"
"47927","Circular Quay","1","","1","261"
"76925","Riverview College Wharf","0","","1","818"
"48992","Circular Quay","1","","1","261"
"75775","Palm Beach Wharf","0","","1","810"
"47848","Circular Quay","1","","1","257"
"76916","Circular Quay, Harbour Master Steps","1","","1","816"
"50275","Parramatta Wharf","0","","1","257"
"131315","Queens Wharf (Via Loop)","0","","1","89"
"76545","Darling Harbour, Pier 26 (Via Loop)","1","","1","816"
"76450","Darling Harbour, Pier 26 (Via Loop)","1","","1","820"
"48629","Circular Quay (Via Loop)","0","","1","259"
"78942","Manly Hotel Wharf","0","","1","822"
"50575","Taronga Zoo Wharf","0","","1","256"
"79157","Circular Quay","1","","1","825"
"48400","Rydalmere Wharf","0","","1","257"
"76563","Fort Denison Wharf (Via Loop)","0","","1","816"
"50633","Circular Quay","1","","1","256"
"49153","Circular Quay","1","","1","257"
"76995","Darling Harbour, Pier 26 (Via Loop)","1","","1","820"
"77088","Circular Quay","1","","1","821"
"77061","Darling Harbour, Pier 26 (Via Loop)","1","","1","819"
"78557","Circular Quay","1","","1","822"
"78912","Darling Harbour, Aquarium Wharf","0","","1","824"
"51487","Circular Quay","1","","1","255"
"79282","Circular Quay","1","","1","825"
"131183","Stockton Wharf (Via Loop)","1","","1","89"
"78820","Manly Hotel Wharf","0","","1","822"
"51391","Manly Wharf","0","","1","255"
"50081","Meadowbank Wharf","0","","1","257"
"76042","Woy Woy Wharf","1","","1","813"
"48440","Rydalmere Wharf","0","","1","257"
"49136","Rose Bay Wharf","0","","1","261"
"79356","Manly Wharf","0","","1","825"
"78436","Manly Hotel Wharf","0","","1","822"
"131066","Queens Wharf (Via Loop)","0","","1","89"
"76039","Woy Woy Wharf","1","","1","813"
"75872","Brooklyn Wharf (Via Loop)","1","","1","812"
"48838","Mosman Bay Wharf","0","","1","260"
"130956","Stockton Wharf (Via Loop)","1","","1","89"
"50072","Parramatta Wharf","0","","1","257"
"50668","Circular Quay (Via Loop)","1","","1","258"
"130970","Stockton Wharf (Via Loop)","1","","1","89"
"76976","Circular Quay","1","","1","817"
"78844","Circular Quay","1","","1","822"
"50458","Cockatoo Island Wharf","0","","1","257"
"50911","Manly Wharf","0","","1","255"
"48581","Circular Quay (Via Loop)","1","","1","258"
"50474","Cockatoo Island Wharf","0","","1","257"
"76131","Church Point Wharf (Via Loop)","1","","1","815"
"50506","Taronga Zoo Wharf","0","","1","256"
"131090","Queens Wharf (Via Loop)","0","","1","89"
"130591","Queens Wharf (Via Loop)","0","","1","89"
"76108","Church Point Wharf (Via Loop)","1","","1","815"
"77097","Manly Hotel Wharf","0","","1","821"
"51160","Manly Wharf","0","","1","255"
"50293","Parramatta Wharf","0","","1","257"
"48397","Parramatta Wharf","0","","1","257"
"51289","Circular Quay","1","","1","255"
"76489","Darling Harbour, Pier 26 (Via Loop)","1","","1","820"
"50839","Mosman Bay Wharf","0","","1","260"
"48461","Cabarita Wharf","0","","1","257"
"130882","Queens Wharf (Via Loop)","0","","1","89"
"78792","Manly Hotel Wharf","0","","1","822"
"76444","Darling Harbour, Pier 26 (Via Loop)","1","","1","820"
"131060","Queens Wharf (Via Loop)","0","","1","89"
"75918","Brooklyn Wharf (Via Loop)","1","","1","812"
"78498","Manly Hotel Wharf","0","","1","822"
"77040","Darling Harbour, Pier 26 (Via Loop)","1","","1","816"
"50746","Circular Quay (Via Loop)","1","","1","258"
"75593","Bundeena Wharf","0","","1","809"
"51316","Circular Quay","1","","1","255"
"131027","Stockton Wharf (Via Loop)","1","","1","89"
"130919","Queens Wharf (Via Loop)","0","","1","89"
"78493","Manly Hotel Wharf","0","","1","822"
"49031","Circular Quay","1","","1","261"
"49007","Circular Quay","1","","1","261"
"76358","Circular Quay (Via Loop)","1","","1","817"
"130983","Stockton Wharf (Via Loop)","1","","1","89"
"50288","Parramatta Wharf","0","","1","257"
"78910","Circular Quay, Harbour Master Steps","1","","1","822"
"78190","Circular Quay","1","","1","821"
"78939","Manly Hotel Wharf","0","","1","822"
"50384","Circular Quay","1","","1","257"
"78433","Manly Hotel Wharf","0","","1","822"
"76152","Church Point Wharf (Via Loop)","1","","1","815"
"76943","Circular Quay","1","","1","817"
"50985","Circular Quay","1","","1","255"
"76405","Darling Harbour, Pier 26","1","","1","817"
"76021","Empire Bay Wharf","0","","1","813"
"48145","Cockatoo Island Wharf","0","","1","257"
"47918","Rose Bay Wharf","0","","1","261"
"76828","Circular Quay (Via Loop)","1","","1","817"
"48866","Mosman Bay Wharf","0","","1","260"
"75833","Palm Beach Wharf (Via Loop)","0","","1","810"
"51130","Circular Quay","1","","1","256"
"131194","Stockton Wharf (Via Loop)","1","","1","89"
"76701","Darling Harbour, Pier 26 (Via Loop)","1","","1","819"
"76389","Circular Quay (Via Loop)","1","","1","817"
"130600","Queens Wharf (Via Loop)","0","","1","89"
"51475","Circular Quay","1","","1","255"
"78485","Manly Hotel Wharf","0","","1","822"
"75478","Cronulla Wharf","0","","1","808"
"48638","Circular Quay (Via Loop)","0","","1","259"
"50230","Circular Quay","1","","1","261"
"76710","Darling Harbour, Pier 26 (Via Loop)","1","","1","819"
"78898","Circular Quay","1","","1","822"
"131105","Queens Wharf (Via Loop)","0","","1","89"
"77129","Circular Quay","1","","1","821"
"50742","Circular Quay (Via Loop)","1","","1","258"
"50158","Circular Quay","1","","1","261"
"50246","Circular Quay","1","","1","261"
"49089","Watsons Bay Wharf","0","","1","261"
"48346","Meadowbank Wharf","0","","1","257"
"78328","Darling Harbour, Aquarium Wharf (Via Loop)","0","","1","823"
"131180","Stockton Wharf (Via Loop)","1","","1","89"
"51309","Circular Quay","1","","1","255"
"48175","Cockatoo Island Wharf","0","","1","257"
"79455","Circular Quay, Eastern Pontoon","1","","1","825"
"50323","Circular Quay","1","","1","257"
"130727","Stockton Wharf (Via Loop)","1","","1","89"
"76265","Circular Quay","1","","1","817"
"47990","Taronga Zoo Wharf","0","","1","256"
"75657","Cronulla Wharf","0","","1","808"
"50351","Circular Quay","1","","1","257"
"79098","Manly Wharf","0","","1","825"
"51247","Manly Wharf","0","","1","255"
"79309","Circular Quay","1","","1","825"
"79065","Manly Wharf","0","","1","825"
"78976","Circular Quay","1","","1","822"
"130958","Stockton Wharf (Via Loop)","1","","1","89"
"50648","Circular Quay","1","","1","256"
"50903","Manly Wharf","0","","1","255"
"77094","Manly Hotel Wharf","0","","1","821"
"131102","Queens Wharf (Via Loop)","0","","1","89"
"130432","Stockton Wharf (Via Loop)","1","","1","89"
"51055","Circular Quay","1","","1","255"
"50320","Circular Quay","1","","1","257"
"50492","Watsons Bay Wharf","0","","1","261"
"48824","Mosman Bay Wharf","0","","1","260"
"48040","Circular Quay","1","","1","256"
"75787","Palm Beach Wharf (Via Loop)","0","","1","810"
"76731","Circular Quay","1","","1","817"
"75811","Palm Beach Wharf (Via Loop)","1","","1","811"
"131321","Queens Wharf (Via Loop)","0","","1","89"
"51232","Manly Wharf","0","","1","255"
"75820","Palm Beach Wharf (Via Loop)","1","","1","811"
"76134","Church Point Wharf (Via Loop)","1","","1","815"
"131078","Queens Wharf (Via Loop)","0","","1","89"
"76003","Empire Bay Wharf","0","","1","813"
"47987","Taronga Zoo Wharf","0","","1","256"
"131030","Stockton Wharf (Via Loop)","1","","1","89"
"76880","Circular Quay (Via Loop)","1","","1","820"
"76831","Circular Quay (Via Loop)","1","","1","817"
"50501","Taronga Zoo Wharf","0","","1","256"
"49133","Rose Bay Wharf","0","","1","261"
"48422","Circular Quay","1","","1","257"
"76961","Circular Quay","1","","1","817"
"76474","Darling Harbour, Pier 26 (Via Loop)","1","","1","820"
"76952","Darling Harbour, Pier 26 (Via Loop)","1","","1","820"
"75933","Brooklyn Wharf (Via Loop)","1","","1","812"
"78561","Circular Quay","1","","1","822"
"50615","Circular Quay","1","","1","256"
"78246","Manly Hotel Wharf","0","","1","821"
"79315","Circular Quay","1","","1","825"
"50192","Circular Quay","1","","1","261"
"50222","Double Bay Wharf","0","","1","261"
"48148","Cockatoo Island Wharf","0","","1","257"
"76819","Circular Quay (Via Loop)","1","","1","817"
"76271","Circular Quay","1","","1","817"
"76018","Empire Bay Wharf","0","","1","813"
"78960","Manly Hotel Wharf","0","","1","822"
"48136","Cockatoo Island Wharf","0","","1","257"
"76352","Circular Quay (Via Loop)","1","","1","817"
"78377","Manly Hotel Wharf","0","","1","821"
"48682","Circular Quay (Via Loop)","0","","1","259"
"77224","Manly Hotel Wharf","0","","1","821"
"76033","Woy Woy Wharf","1","","1","813"
"51031","Circular Quay","1","","1","255"
"131303","Queens Wharf (Via Loop)","0","","1","89"
"51282","Circular Quay","1","","1","255"
"79118","Circular Quay, Eastern Pontoon","1","","1","825"
"47851","Circular Quay (Via Loop)","1","","1","258"
"76250","Circular Quay","1","","1","817"
"130922","Stockton Wharf (Via Loop)","1","","1","89"
"48709","Circular Quay (Via Loop)","0","","1","259"
"48359","Circular Quay","1","","1","257"
"131177","Stockton Wharf (Via Loop)","1","","1","89"
"50056","Darling Harbour Wharf","1","","1","257"
"130576","Queens Wharf (Via Loop)","0","","1","89"
"78063","Darling Harbour, Aquarium Wharf (Via Loop)","0","","1","823"
"79068","Manly Wharf","0","","1","825"
"51276","Circular Quay","1","","1","255"
"130964","Stockton Wharf (Via Loop)","1","","1","89"
"131108","Queens Wharf (Via Loop)","0","","1","89"
"75948","Brooklyn Wharf (Via Loop)","1","","1","812"
"75557","Cronulla Wharf","0","","1","808"
"75891","Brooklyn Wharf (Via Loop)","1","","1","812"
"78225","Circular Quay","1","","1","821"
"131003","Stockton Wharf (Via Loop)","1","","1","89"
"77213","Manly Hotel Wharf","0","","1","821"
"50285","Parramatta Wharf","0","","1","257"
"50711","Circular Quay (Via Loop)","1","","1","258"
"79178","Manly Wharf","0","","1","825"
"48658","Circular Quay (Via Loop)","0","","1","259"
"50539","Taronga Zoo Wharf","0","","1","256"
"130917","Queens Wharf (Via Loop)","0","","1","89"
"76181","Church Point Wharf (Via Loop)","1","","1","815"
"75957","Brooklyn Wharf (Via Loop)","1","","1","812"
"49130","Double Bay Wharf","0","","1","261"
"76084","Church Point Wharf (Via Loop)","1","","1","815"
"48901","Circular Quay","1","","1","260"
"130961","Stockton Wharf (Via Loop)","1","","1","89"
"47818","Cockatoo Island Wharf","0","","1","257"
"51084","Taronga Zoo Wharf","0","","1","256"
"79365","Manly Wharf","0","","1","825"
"51128","Circular Quay","1","","1","256"
"48836","Mosman Bay Wharf","0","","1","260"
"50776","Circular Quay (Via Loop)","0","","1","259"
"78964","Manly Hotel Wharf","0","","1","822"
"48528","Parramatta Wharf","0","","1","257"
"48043","Circular Quay","1","","1","256"
"48142","Cockatoo Island Wharf","0","","1","257"
"78339","Circular Quay","1","","1","821"
"130885","Queens Wharf (Via Loop)","0","","1","89"
"77082","Circular Quay","1","","1","821"
"51271","Circular Quay","1","","1","255"
"75495","Bundeena Wharf","0","","1","809"
"130985","Stockton Wharf (Via Loop)","1","","1","89"
"76557","Fort Denison Wharf (Via Loop)","0","","1","816"
"78931","Darling Harbour, Aquarium Wharf (Via Loop)","0","","1","824"
"131024","Stockton Wharf (Via Loop)","1","","1","89"
"50326","Circular Quay","1","","1","257"
"50560","Taronga Zoo Wharf","0","","1","256"
"75951","Brooklyn Wharf (Via Loop)","1","","1","812"
"48166","Cockatoo Island Wharf","0","","1","257"
"47960","Circular Quay (Via Loop)","1","","1","256"
"50983","Circular Quay","1","","1","255"
"130626","Queens Wharf (Via Loop)","0","","1","89"
"78412","Circular Quay","1","","1","822"
"50900","Manly Wharf","0","","1","255"
"76397","Circular Quay (Via Loop)","1","","1","817"
"47839","Meadowbank Wharf","0","","1","257"
"48623","Circular Quay (Via Loop)","1","","1","258"
"130458","Stockton Wharf (Via Loop)","1","","1","89"
"75566","Bundeena Wharf","0","","1","809"
"130991","Stockton Wharf (Via Loop)","1","","1","89"
"48070","Circular Quay","1","","1","256"
"75697","Bundeena Wharf","0","","1","809"
"76411","Darling Harbour, Pier 26","1","","1","817"
"48537","Circular Quay (Via Loop)","1","","1","258"
"131081","Queens Wharf (Via Loop)","0","","1","89"
"78214","Circular Quay","1","","1","821"
"50311","Circular Quay","1","","1","257"
"79325","Circular Quay","1","","1","825"
"130838","Queens Wharf (Via Loop)","0","","1","89"
"50338","Circular Quay","1","","1","257"
"51388","Manly Wharf","0","","1","255"
"75822","Palm Beach Wharf (Via Loop)","1","","1","811"
"50345","Circular Quay","1","","1","257"
"49068","Circular Quay","1","","1","261"
"50431","Armory Wharf","0","","1","257"
"78056","Darling Harbour, Aquarium Wharf","0","","1","823"
"131259","Queens Wharf (Via Loop)","0","","1","89"
"130794","Stockton Wharf (Via Loop)","1","","1","89"
"48256","Circular Quay","1","","1","257"
"48733","Circular Quay","1","","1","260"
"76030","Woy Woy Wharf","1","","1","813"
"131188","Stockton Wharf (Via Loop)","1","","1","89"
"48557","Circular Quay (Via Loop)","1","","1","258"
"76477","Darling Harbour, Pier 26 (Via Loop)","1","","1","820"
"48160","Cockatoo Island Wharf","0","","1","257"
"50083","Meadowbank Wharf","0","","1","257"
"51472","Circular Quay","1","","1","255"
"75988","Empire Bay Wharf","0","","1","813"
"130832","Queens Wharf (Via Loop)","0","","1","89"
"75991","Empire Bay Wharf","0","","1","813"
"51034","Circular Quay","1","","1","255"
"78862","Circular Quay","1","","1","822"
"50044","Circular Quay","1","","1","257"
"50896","Manly Wharf","0","","1","255"
"48774","Circular Quay","1","","1","260"
"49050","Watsons Bay Wharf","0","","1","261"
"50845","Mosman Bay Wharf","0","","1","260"
"76898","Jeffrey Street Wharf","1","","1","818"
"50348","Circular Quay","1","","1","257"
"78832","Circular Quay","1","","1","822"
"49062","Watsons Bay Wharf","0","","1","261"
"130803","Stockton Wharf (Via Loop)","1","","1","89"
"131099","Queens Wharf (Via Loop)","0","","1","89"
"48751","Circular Quay","1","","1","260"
"75945","Brooklyn Wharf (Via Loop)","1","","1","812"
"78330","Darling Harbour, Aquarium Wharf (Via Loop)","0","","1","823"
"50799","Circular Quay","1","","1","260"
"131274","Queens Wharf (Via Loop)","0","","1","89"
"77218","Manly Hotel Wharf","0","","1","821"
"48522","Circular Quay","1","","1","257"
"130651","Queens Wharf (Via Loop)","0","","1","89"
"78972","Circular Quay","1","","1","822"
"75487","Cronulla Wharf","0","","1","808"
"48178","Cockatoo Island Wharf","0","","1","257"
"79423","Manly Wharf","0","","1","825"
"75706","Bundeena Wharf","0","","1","809"
"131036","Stockton Wharf (Via Loop)","1","","1","89"
"75717","Palm Beach Wharf (Via Loop)","0","","1","810"
"48904","Circular Quay","1","","1","260"
"75997","Empire Bay Wharf","0","","1","813"
"51176","Manly Wharf","0","","1","255"
"77134","Circular Quay","1","","1","821"
"48700","Circular Quay (Via Loop)","0","","1","259"
"51385","Manly Wharf","0","","1","255"
"76737","Circular Quay","1","","1","817"
"48046","Circular Quay","1","","1","256"
"51196","Manly Wharf","0","","1","255"
"76414","Darling Harbour, Pier 26 (Via Loop)","1","","1","820"
"48133","Cockatoo Island Wharf","0","","1","257"
"48157","Cockatoo Island Wharf","0","","1","257"
"49101","Circular Quay","1","","1","261"
"48446","Meadowbank Wharf","0","","1","257"
"77227","Manly Hotel Wharf","0","","1","821"
"130608","Queens Wharf (Via Loop)","0","","1","89"
"51466","Circular Quay","1","","1","255"
"131200","Stockton Wharf (Via Loop)","1","","1","89"
"51514","Circular Quay","1","","1","255"
"76211","Circular Quay","1","","1","817"
"47878","Circular Quay (Via Loop)","0","","1","259"
"48617","Circular Quay (Via Loop)","1","","1","258"
"50969","Circular Quay","1","","1","255"
"130494","Stockton Wharf (Via Loop)","1","","1","89"
"48337","Meadowbank Wharf","0","","1","257"
"75968","Woy Woy Wharf (Via Loop)","1","","1","814"
"79304","Circular Quay","1","","1","825"
"50898","Manly Wharf","0","","1","255"
"131155","Queens Wharf (Via Loop)","0","","1","89"
"76334","Circular Quay (Via Loop)","1","","1","817"
"76889","Circular Quay (Via Loop)","1","","1","820"
"48154","Cockatoo Island Wharf","0","","1","257"
"75710","Bundeena Wharf","0","","1","809"
"78925","Darling Harbour, Aquarium Wharf (Via Loop)","0","","1","824"
"51051","Circular Quay","1","","1","255"
"75734","Palm Beach Wharf (Via Loop)","1","","1","811"
"75842","Palm Beach Wharf (Via Loop)","0","","1","810"
"78250","Manly Hotel Wharf","0","","1","821"
"48745","Circular Quay","1","","1","260"
"76937","Riverview College Wharf","0","","1","818"
"47821","Cockatoo Island Wharf","0","","1","257"
"50413","Armory Wharf","0","","1","257"
"79121","Circular Quay, Eastern Pontoon","1","","1","825"
"76006","Davistown, Central RSL Wharf","0","","1","813"
"75589","Bundeena Wharf","0","","1","809"
"76066","Church Point Wharf (Via Loop)","1","","1","815"
"49022","Circular Quay","1","","1","261"
"48871","Mosman Bay Wharf","0","","1","260"
"78316","Darling Harbour, Aquarium Wharf (Via Loop)","0","","1","823"
"50173","Circular Quay","1","","1","261"
"49005","Circular Quay","1","","1","261"
"51024","Circular Quay","1","","1","255"
"50069","Parramatta Wharf","0","","1","257"
"51082","Taronga Zoo Wharf","0","","1","256"
"48977","Circular Quay","1","","1","261"
"51292","Circular Quay","1","","1","255"
"75915","Brooklyn Wharf (Via Loop)","1","","1","812"
"78495","Manly Hotel Wharf","0","","1","822"
"49098","Watsons Bay Wharf","0","","1","261"
"78394","Manly Hotel Wharf","0","","1","822"
"131280","Queens Wharf (Via Loop)","0","","1","89"
"76217","Circular Quay","1","","1","817"
"75793","Palm Beach Wharf (Via Loop)","0","","1","810"
"48413","Chiswick Wharf","0","","1","257"
"50281","Parramatta Wharf","0","","1","257"
"130863","Queens Wharf (Via Loop)","0","","1","89"
"48783","Circular Quay","1","","1","260"
"48810","Mosman Bay Wharf","0","","1","260"
"131171","Stockton Wharf (Via Loop)","1","","1","89"
"48169","Cockatoo Island Wharf","0","","1","257"
"76000","Empire Bay Wharf","0","","1","813"
"76913","Circular Quay, Harbour Master Steps","1","","1","820"
"130770","Stockton Wharf (Via Loop)","1","","1","89"
"51018","Circular Quay","1","","1","255"
"78901","Circular Quay","1","","1","822"
"76486","Darling Harbour, Pier 26 (Via Loop)","1","","1","820"
"76196","Church Point Wharf (Via Loop)","1","","1","815"
"78795","Manly Hotel Wharf","0","","1","822"
"79362","Manly Wharf","0","","1","825"
"50980","Circular Quay","1","","1","255"
"78177","Circular Quay","1","","1","821"
"130976","Stockton Wharf (Via Loop)","1","","1","89"
"130526","Stockton Wharf (Via Loop)","1","","1","89"
"50330","Circular Quay","1","","1","257"
"50290","Parramatta Wharf","0","","1","257"
"50206","Circular Quay","1","","1","261"
"50135","Watsons Bay Wharf","0","","1","261"
"48449","Meadowbank Wharf","0","","1","257"
"76447","Darling Harbour, Pier 26 (Via Loop)","1","","1","820"
"131262","Queens Wharf (Via Loop)","0","","1","89"
"47981","Taronga Zoo Wharf","0","","1","256"
"48172","Cockatoo Island Wharf","0","","1","257"
"48130","Cockatoo Island Wharf","0","","1","257"
"131084","Queens Wharf (Via Loop)","0","","1","89"
"76149","Church Point Wharf","1","","1","815"
"50401","Circular Quay","1","","1","257"
"51397","Manly Wharf","0","","1","255"
"76045","Woy Woy Wharf","1","","1","813"
"78525","Circular Quay","1","","1","822"
"76892","Circular Quay (Via Loop)","1","","1","820"
"50706","Circular Quay (Via Loop)","1","","1","258"
"130928","Queens Wharf (Via Loop)","0","","1","89"
"130573","Queens Wharf (Via Loop)","0","","1","89"
"50176","Circular Quay","1","","1","261"
"50315","Circular Quay","1","","1","257"
"50627","Circular Quay","1","","1","256"
"48789","Mosman Bay Wharf","0","","1","260"
"76304","Circular Quay (Via Loop)","1","","1","817"
"131257","Queens Wharf (Via Loop)","0","","1","89"
"50829","Mosman Bay Wharf","0","","1","260"
"51136","Circular Quay","1","","1","256"
"77209","Manly Hotel Wharf","0","","1","821"
"130746","Stockton Wharf (Via Loop)","1","","1","89"
"48049","Circular Quay","1","","1","256"
"76408","Darling Harbour, Pier 26","1","","1","817"
"51258","Circular Quay","1","","1","255"
"78342","Circular Quay","1","","1","821"
"50354","Circular Quay","1","","1","257"
"50893","Manly Wharf","0","","1","255"
"131203","Stockton Wharf (Via Loop)","1","","1","89"
"51328","Circular Quay","1","","1","255"
"50336","Circular Quay","1","","1","257"
"51469","Circular Quay","1","","1","255"
"77115","Manly Hotel Wharf","0","","1","821"
"49025","Circular Quay","1","","1","261"
"78829","Circular Quay","1","","1","822"
"131253","Queens Wharf (Via Loop)","0","","1","89"
"50674","Circular Quay (Via Loop)","1","","1","258"
"130931","Queens Wharf (Via Loop)","0","","1","89"
"49104","Rose Bay Wharf","0","","1","261"
"48691","Circular Quay (Via Loop)","0","","1","259"
"75805","Palm Beach Wharf (Via Loop)","0","","1","810"
"48127","Cockatoo Island Wharf","0","","1","257"
"131086","Queens Wharf (Via Loop)","0","","1","89"
"48106","Parramatta Wharf","0","","1","257"
"48163","Cockatoo Island Wharf","0","","1","257"
"130473","Stockton Wharf (Via Loop)","1","","1","89"
"50138","Watsons Bay Wharf","0","","1","261"
"48851","Mosman Bay Wharf","0","","1","260"
"79185","Manly Wharf","0","","1","825"
"76522","Fort Denison Wharf (Via Loop)","0","","1","816"
"130743","Stockton Wharf (Via Loop)","1","","1","89"
"130551","Stockton Wharf (Via Loop)","1","","1","89"
"49076","Circular Quay","1","","1","261"
"50317","Circular Quay","1","","1","257"
"48886","Circular Quay","1","","1","260"
"50691","Circular Quay (Via Loop)","1","","1","258"
"47890","Mosman Bay Wharf","0","","1","260"
"48676","Circular Quay (Via Loop)","0","","1","259"
"77052","Darling Harbour, Pier 26 (Via Loop)","1","","1","816"
"78933","Darling Harbour, Aquarium Wharf (Via Loop)","0","","1","824"
"48587","Circular Quay (Via Loop)","1","","1","258"
"76788","Darling Harbour, Pier 26 (Via Loop)","1","","1","820"
"75585","Bundeena Wharf","0","","1","809"
"130809","Queens Wharf (Via Loop)","0","","1","89"
"51339","Circular Quay","1","","1","255"
"130836","Queens Wharf (Via Loop)","0","","1","89"
"77127","Circular Quay","1","","1","821"
"50672","Circular Quay (Via Loop)","1","","1","258"
"76822","Circular Quay (Via Loop)","1","","1","817"
"51078","Taronga Zoo Wharf","0","","1","256"
"51518","Circular Quay","1","","1","255"
"78301","Manly Hotel Wharf","0","","1","821"
"50605","Circular Quay","1","","1","256"
"78811","Manly Hotel Wharf","0","","1","822"
"130659","Queens Wharf (Via Loop)","0","","1","89"
"131318","Queens Wharf (Via Loop)","0","","1","89"
"50766","Circular Quay (Via Loop)","0","","1","259"
"130781","Stockton Wharf (Via Loop)","1","","1","89"
"50636","Circular Quay","1","","1","256"
"48590","Circular Quay (Via Loop)","1","","1","258"
"49138","Manly Wharf","0","","1","255"
"76513","Darling Harbour, Pier 26 (Via Loop)","1","","1","820"
"130455","Stockton Wharf (Via Loop)","1","","1","89"
"131277","Queens Wharf (Via Loop)","0","","1","89"
"78865","Circular Quay","1","","1","822"
"77034","Fort Denison Wharf (Via Loop)","0","","1","816"
"50510","Taronga Zoo Wharf","0","","1","256"
"48139","Cockatoo Island Wharf","0","","1","257"
"76465","Darling Harbour, Pier 26 (Via Loop)","1","","1","820"
"78632","Darling Harbour, Aquarium Wharf (Via Loop)","0","","1","824"
"75994","Empire Bay Wharf","0","","1","813"
"48563","Circular Quay (Via Loop)","1","","1","258"
"130443","Stockton Wharf (Via Loop)","1","","1","89"
"50152","Watsons Bay Wharf","0","","1","261"
"48953","Rose Bay Wharf","0","","1","261"
"76087","Church Point Wharf (Via Loop)","1","","1","815"
"79425","Manly Wharf","0","","1","825"
"130555","Queens Wharf (Via Loop)","0","","1","89"
"50972","Circular Quay","1","","1","255"
"78380","Manly Hotel Wharf","0","","1","821"
"76843","Jeffrey Street Wharf","1","","1","818"
"130461","Stockton Wharf (Via Loop)","1","","1","89"
"50726","Circular Quay (Via Loop)","1","","1","258"
"78234","Circular Quay","1","","1","821"
"78333","Darling Harbour, Aquarium Wharf (Via Loop)","0","","1","823"
"76813","Darling Harbour, Pier 26","1","","1","820"
"51163","Manly Wharf","0","","1","255"
"79295","Circular Quay","1","","1","825"
"75965","Woy Woy Wharf (Via Loop)","1","","1","814"
"79387","Circular Quay, Eastern Pontoon","1","","1","825"
"130570","Queens Wharf (Via Loop)","0","","1","89"
"75854","Palm Beach Wharf (Via Loop)","0","","1","810"
"75621","Bundeena Wharf","0","","1","809"
"76256","Circular Quay","1","","1","817"
"78382","Manly Hotel Wharf","0","","1","821"
"130588","Queens Wharf (Via Loop)","0","","1","89"
"130815","Queens Wharf (Via Loop)","0","","1","89"
"50074","Meadowbank Wharf","0","","1","257"
"51188","Manly Wharf","0","","1","255"
"76295","Circular Quay","1","","1","817"
"50806","Circular Quay","1","","1","260"
"47872","Circular Quay (Via Loop)","0","","1","259"
"51349","Circular Quay","1","","1","255"
"77079","Circular Quay","1","","1","821"
"48295","Circular Quay","1","","1","257"
"75730","Palm Beach Wharf (Via Loop)","1","","1","811"
"51134","Circular Quay","1","","1","256"
"50755","Circular Quay (Via Loop)","1","","1","258"
"48067","Circular Quay","1","","1","256"
"50585","Circular Quay","1","","1","256"
"76346","Circular Quay (Via Loop)","1","","1","817"
"50529","Taronga Zoo Wharf","0","","1","256"
"48235","Circular Quay","1","","1","257"
"50790","Circular Quay (Via Loop)","0","","1","259"
"76298","Circular Quay (Via Loop)","1","","1","817"
"76075","Church Point Wharf (Via Loop)","1","","1","815"
"48382","Circular Quay","1","","1","257"
"48874","Mosman Bay Wharf","0","","1","260"
"50423","Armory Wharf","0","","1","257"
"47881","Circular Quay","1","","1","260"
"75529","Cronulla Wharf","0","","1","808"
"75894","Brooklyn Wharf (Via Loop)","1","","1","812"
"76825","Circular Quay (Via Loop)","1","","1","817"
"130760","Stockton Wharf (Via Loop)","1","","1","89"
"130870","Queens Wharf (Via Loop)","0","","1","89"
"75474","Cronulla Wharf","0","","1","808"
"48857","Mosman Bay Wharf","0","","1","260"
"50551","Taronga Zoo Wharf","0","","1","256"
"50851","Mosman Bay Wharf","0","","1","260"
"48620","Circular Quay (Via Loop)","1","","1","258"
"50977","Circular Quay","1","","1","255"
"79052","Circular Quay","1","","1","825"
"48762","Circular Quay","1","","1","260"
"50374","Circular Quay","1","","1","257"
"77004","Darling Harbour, Pier 26 (Via Loop)","1","","1","820"
"130925","Stockton Wharf (Via Loop)","1","","1","89"
"131174","Stockton Wharf (Via Loop)","1","","1","89"
"76525","Fort Denison Wharf (Via Loop)","0","","1","816"
"48907","Circular Quay","1","","1","260"
"50333","Circular Quay","1","","1","257"
"78491","Manly Hotel Wharf","0","","1","822"
"131152","Queens Wharf (Via Loop)","0","","1","89"
"76985","Circular Quay (Via Loop)","1","","1","817"
"50657","Circular Quay","1","","1","256"
"78625","Darling Harbour, Aquarium Wharf","0","","1","824"
"75701","Bundeena Wharf","0","","1","809"
"78741","Manly Hotel Wharf","0","","1","822"
"75653","Cronulla Wharf","0","","1","808"
"130980","Stockton Wharf (Via Loop)","1","","1","89"
"48510","Meadowbank Wharf","0","","1","257"
"79458","Circular Quay, Eastern Pontoon","1","","1","825"
"51087","Taronga Zoo Wharf","0","","1","256"
"79101","Manly Wharf","0","","1","825"
"47984","Taronga Zoo Wharf","0","","1","256"
"78416","Circular Quay","1","","1","822"
"48500","Circular Quay","1","","1","257"
"48151","Cockatoo Island Wharf","0","","1","257"
"130517","Stockton Wharf (Via Loop)","1","","1","89"
"79300","Circular Quay","1","","1","825"
