"31196","Central Station Light Rail","1","","1","475","2"
"27471","Central Station Light Rail","1","","1","475","3"
"26824","Central Station Light Rail","1","","1","475","4"
"27413","Central Station Light Rail","1","","1","475","5"
"26615","Dulwich Hill Light Rail","0","","1","475","6"
"26674","Central Station Light Rail","1","","1","475","7"
"26911","Dulwich Hill Light Rail","0","","1","475","8"
"29552","John Street Square Light Rail","0","","1","475","9"
"31186","Central Station Light Rail","1","","1","475","10"
"31361","Central Station Light Rail","1","","1","475","11"
"27989","Dulwich Hill Light Rail","0","","1","475","12"
"31206","Central Station Light Rail","1","","1","475","13"
"29171","Dulwich Hill Light Rail","0","","1","475","14"
"26531","Dulwich Hill Light Rail","0","","1","475","15"
"26710","Central Station Light Rail","1","","1","475","16"
"30892","Dulwich Hill Light Rail","0","","1","475","17"
"27033","Dulwich Hill Light Rail","0","","1","475","18"
"30640","Dulwich Hill Light Rail","0","","1","475","19"
"28103","Central Station Light Rail","1","","1","475","20"
"26758","Central Station Light Rail","1","","1","475","21"
"28167","Central Station Light Rail","1","","1","475","22"
"29030","Central Station Light Rail","1","","1","475","23"
"29555","John Street Square Light Rail","0","","1","475","24"
"29114","Dulwich Hill Light Rail","0","","1","475","25"
"27538","Central Station Light Rail","1","","1","475","26"
"26477","Dulwich Hill Light Rail","0","","1","475","27"
"30921","Dulwich Hill Light Rail","0","","1","475","28"
"30440","Central Station Light Rail","1","","1","475","29"
"29780","Central Station Light Rail","1","","1","475","30"
"29722","Central Station Light Rail","1","","1","475","31"
"27357","Central Station Light Rail","1","","1","475","32"
"30808","Dulwich Hill Light Rail","0","","1","475","33"
"27923","Dulwich Hill Light Rail","0","","1","475","34"
"26794","Central Station Light Rail","1","","1","475","35"
"31631","Central Station Light Rail","1","","1","475","36"
"26815","Central Station Light Rail","1","","1","475","37"
"26782","Central Station Light Rail","1","","1","475","38"
"26738","Central Station Light Rail","1","","1","475","39"
"29276","Dulwich Hill Light Rail","0","","1","475","40"
"30650","Dulwich Hill Light Rail","0","","1","475","41"
"31517","Central Station Light Rail","1","","1","475","42"
"30877","Dulwich Hill Light Rail","0","","1","475","43"
"26925","Dulwich Hill Light Rail","0","","1","475","44"
"27867","Dulwich Hill Light Rail","0","","1","475","45"
"31215","Central Station Light Rail","1","","1","475","46"
"26854","Central Station Light Rail","1","","1","475","47"
"27254","Central Station Light Rail","1","","1","475","48"
"30794","Dulwich Hill Light Rail","0","","1","475","49"
"26560","Dulwich Hill Light Rail","0","","1","475","50"
"26987","Dulwich Hill Light Rail","0","","1","475","51"
"30966","Dulwich Hill Light Rail","0","","1","475","52"
"26680","Central Station Light Rail","1","","1","475","53"
"26568","Dulwich Hill Light Rail","0","","1","475","54"
"27804","Dulwich Hill Light Rail","0","","1","475","55"
"29914","Central Station Light Rail","1","","1","475","56"
"26742","Central Station Light Rail","1","","1","475","32"
"26613","Dulwich Hill Light Rail","0","","1","475","57"
"27943","Dulwich Hill Light Rail","0","","1","475","58"
"27631","Dulwich Hill Light Rail","0","","1","475","59"
"30985","Dulwich Hill Light Rail","0","","1","475","60"
"27380","Central Station Light Rail","1","","1","475","61"
"31585","Central Station Light Rail","1","","1","475","62"
"27097","Dulwich Hill Light Rail","0","","1","475","63"
"29359","Dulwich Hill Light Rail","0","","1","475","64"
"26978","Dulwich Hill Light Rail","0","","1","475","54"
"27051","Dulwich Hill Light Rail","0","","1","475","6"
"27206","Central Station Light Rail","1","","1","475","7"
"29335","Dulwich Hill Light Rail","0","","1","475","65"
"27959","Dulwich Hill Light Rail","0","","1","475","66"
"30584","Dulwich Hill Light Rail","0","","1","475","67"
"26945","Dulwich Hill Light Rail","0","","1","475","68"
"29262","Dulwich Hill Light Rail","0","","1","475","69"
"31501","Central Station Light Rail","1","","1","475","70"
"27688","Dulwich Hill Light Rail","0","","1","475","71"
"26650","John Street Square Light Rail","0","","1","475","72"
"26789","Central Station Light Rail","1","","1","475","73"
"26957","Dulwich Hill Light Rail","0","","1","475","74"
"31057","Dulwich Hill Light Rail","0","","1","475","75"
"31004","Dulwich Hill Light Rail","0","","1","475","76"
"30630","Dulwich Hill Light Rail","0","","1","475","77"
"29148","Dulwich Hill Light Rail","0","","1","475","78"
"29522","Dulwich Hill Light Rail","0","","1","475","79"
"26485","Dulwich Hill Light Rail","0","","1","475","8"
"29635","Central Station Light Rail","1","","1","475","80"
"27566","Central Station Light Rail","1","","1","475","81"
"26527","Dulwich Hill Light Rail","0","","1","475","82"
"29793","Central Station Light Rail","1","","1","475","83"
"27717","Dulwich Hill Light Rail","0","","1","475","84"
"26797","Central Station Light Rail","1","","1","475","3"
"26950","Dulwich Hill Light Rail","0","","1","475","15"
"30961","Dulwich Hill Light Rail","0","","1","475","85"
"31628","Central Station Light Rail","1","","1","475","86"
"27221","Central Station Light Rail","1","","1","475","53"
"27495","Central Station Light Rail","1","","1","475","87"
"29623","Central Station Light Rail","1","","1","475","88"
"27499","Central Station Light Rail","1","","1","475","89"
"29182","Dulwich Hill Light Rail","0","","1","475","90"
"26648","John Street Square Light Rail","0","","1","475","91"
"27794","Dulwich Hill Light Rail","0","","1","475","69"
"26917","Dulwich Hill Light Rail","0","","1","475","92"
"31378","Central Station Light Rail","1","","1","475","93"
"29637","Central Station Light Rail","1","","1","475","20"
"27624","Dulwich Hill Light Rail","0","","1","475","25"
"31597","Central Station Light Rail","1","","1","475","94"
"29345","Dulwich Hill Light Rail","0","","1","475","45"
"26448","Central Station Light Rail","1","","1","475","95"
"30740","Dulwich Hill Light Rail","0","","1","475","96"
"30462","Dulwich Hill Light Rail","0","","1","475","97"
"26754","Central Station Light Rail","1","","1","475","61"
"26499","Dulwich Hill Light Rail","0","","1","475","44"
"29408","Dulwich Hill Light Rail","0","","1","475","98"
"26772","Central Station Light Rail","1","","1","475","5"
"27047","Dulwich Hill Light Rail","0","","1","475","57"
"27703","Dulwich Hill Light Rail","0","","1","475","99"
"27425","Central Station Light Rail","1","","1","475","100"
"29369","Dulwich Hill Light Rail","0","","1","475","101"
"27640","Dulwich Hill Light Rail","0","","1","475","102"
"30620","Dulwich Hill Light Rail","0","","1","475","103"
"26948","Dulwich Hill Light Rail","0","","1","475","82"
"26861","Central Station Light Rail","1","","1","475","104"
"31042","Dulwich Hill Light Rail","0","","1","475","105"
"31460","Central Station Light Rail","1","","1","475","106"
"26829","Central Station Light Rail","1","","1","475","107"
"29710","Central Station Light Rail","1","","1","475","108"
"31404","Central Station Light Rail","1","","1","475","109"
"26546","Dulwich Hill Light Rail","0","","1","475","74"
"29389","Dulwich Hill Light Rail","0","","1","475","99"
"26521","Dulwich Hill Light Rail","0","","1","475","68"
"26835","Central Station Light Rail","1","","1","475","81"
"28379","Central Station Light Rail","1","","1","475","110"
"27192","Central Station Light Rail","1","","1","475","111"
"27451","Central Station Light Rail","1","","1","475","73"
"28355","Central Station Light Rail","1","","1","475","112"
"27779","Dulwich Hill Light Rail","0","","1","475","113"
"30843","Dulwich Hill Light Rail","0","","1","475","114"
"28250","Central Station Light Rail","1","","1","475","115"
"28365","Central Station Light Rail","1","","1","475","116"
"27092","Dulwich Hill Light Rail","0","","1","475","117"
"26838","Central Station Light Rail","1","","1","475","118"
"29255","Dulwich Hill Light Rail","0","","1","475","119"
"30538","Dulwich Hill Light Rail","0","","1","475","120"
"30528","Dulwich Hill Light Rail","0","","1","475","121"
"30480","Dulwich Hill Light Rail","0","","1","475","122"
"30503","Dulwich Hill Light Rail","0","","1","475","27"
"30491","Dulwich Hill Light Rail","0","","1","475","123"
"29537","John Street Square Light Rail","0","","1","475","124"
"27634","Dulwich Hill Light Rail","0","","1","475","125"
"26778","Central Station Light Rail","1","","1","475","100"
"26967","Dulwich Hill Light Rail","0","","1","475","50"
"26744","Central Station Light Rail","1","","1","475","126"
"31489","Central Station Light Rail","1","","1","475","127"
"29896","Central Station Light Rail","1","","1","475","128"
"27554","Central Station Light Rail","1","","1","475","107"
"27612","Central Station Light Rail","1","","1","475","129"
"31558","Central Station Light Rail","1","","1","475","130"
"26694","Central Station Light Rail","1","","1","475","48"
"30674","Dulwich Hill Light Rail","0","","1","475","131"
"30409","Central Station Light Rail","1","","1","475","132"
"31239","Central Station Light Rail","1","","1","475","133"
"29597","Central Station Light Rail","1","","1","475","134"
"26929","Dulwich Hill Light Rail","0","","1","475","135"
"29871","Central Station Light Rail","1","","1","475","136"
"26896","Dulwich Hill Light Rail","0","","1","475","137"
"28260","Central Station Light Rail","1","","1","475","138"
"26621","Dulwich Hill Light Rail","0","","1","475","139"
"30858","Dulwich Hill Light Rail","0","","1","475","140"
"26623","Dulwich Hill Light Rail","0","","1","475","141"
"29817","Central Station Light Rail","1","","1","475","142"
"31473","Central Station Light Rail","1","","1","475","143"
"27387","Central Station Light Rail","1","","1","475","21"
"26947","Dulwich Hill Light Rail","0","","1","475","144"
"29433","Dulwich Hill Light Rail","0","","1","475","145"
"27005","Dulwich Hill Light Rail","0","","1","475","146"
"27527","Central Station Light Rail","1","","1","475","147"
"27524","Central Station Light Rail","1","","1","475","37"
"29651","Central Station Light Rail","1","","1","475","148"
"30995","Dulwich Hill Light Rail","0","","1","475","149"
"30552","Dulwich Hill Light Rail","0","","1","475","150"
"26816","Central Station Light Rail","1","","1","475","147"
"26786","Central Station Light Rail","1","","1","475","151"
"27582","Central Station Light Rail","1","","1","475","152"
"26491","Dulwich Hill Light Rail","0","","1","475","92"
"26458","Dulwich Hill Light Rail","0","","1","475","153"
"31570","Central Station Light Rail","1","","1","475","154"
"26460","Dulwich Hill Light Rail","0","","1","475","155"
"29746","Central Station Light Rail","1","","1","475","156"
"27082","Dulwich Hill Light Rail","0","","1","475","157"
"27160","John Street Square Light Rail","0","","1","475","91"
"27892","Dulwich Hill Light Rail","0","","1","475","101"
"29956","Central Station Light Rail","1","","1","475","158"
"26748","Central Station Light Rail","1","","1","475","159"
"26807","Central Station Light Rail","1","","1","475","87"
"27698","Dulwich Hill Light Rail","0","","1","475","160"
"27167","John Street Square Light Rail","0","","1","475","72"
"26808","Central Station Light Rail","1","","1","475","89"
"26688","Central Station Light Rail","1","","1","475","161"
"29804","Central Station Light Rail","1","","1","475","115"
"28172","Central Station Light Rail","1","","1","475","31"
"29549","John Street Square Light Rail","0","","1","475","162"
"26823","Central Station Light Rail","1","","1","475","26"
"26654","John Street Square Light Rail","0","","1","475","163"
"27877","Dulwich Hill Light Rail","0","","1","475","164"
"27289","Central Station Light Rail","1","","1","475","16"
"29695","Central Station Light Rail","1","","1","475","165"
"30775","Dulwich Hill Light Rail","0","","1","475","166"
"29128","Dulwich Hill Light Rail","0","","1","475","125"
"29659","Central Station Light Rail","1","","1","475","167"
"27369","Central Station Light Rail","1","","1","475","159"
"29827","Central Station Light Rail","1","","1","475","168"
"31306","Central Station Light Rail","1","","1","475","169"
"29770","Central Station Light Rail","1","","1","475","170"
"26903","Dulwich Hill Light Rail","0","","1","475","27"
"27789","Dulwich Hill Light Rail","0","","1","475","171"
"30424","Central Station Light Rail","1","","1","475","172"
"27063","Dulwich Hill Light Rail","0","","1","475","139"
"26668","Central Station Light Rail","1","","1","475","111"
"26574","Dulwich Hill Light Rail","0","","1","475","51"
"27397","Central Station Light Rail","1","","1","475","173"
"26845","Central Station Light Rail","1","","1","475","174"
"26629","Wentworth Park Light Rail","0","","1","475","175"
"26554","Dulwich Hill Light Rail","0","","1","475","176"
"28092","Central Station Light Rail","1","","1","475","177"
"29734","Central Station Light Rail","1","","1","475","178"
"29219","Dulwich Hill Light Rail","0","","1","475","179"
"31342","Central Station Light Rail","1","","1","475","180"
"31432","Central Station Light Rail","1","","1","475","181"
"29545","John Street Square Light Rail","0","","1","475","182"
"29967","Central Station Light Rail","1","","1","475","183"
"31137","Central Station Light Rail","1","","1","475","184"
"26884","Dulwich Hill Light Rail","0","","1","475","153"
"29157","Dulwich Hill Light Rail","0","","1","475","185"
"27999","Dulwich Hill Light Rail","0","","1","475","79"
"26605","Dulwich Hill Light Rail","0","","1","475","18"
"31331","Central Station Light Rail","1","","1","475","186"
"26525","Dulwich Hill Light Rail","0","","1","475","144"
"28236","Central Station Light Rail","1","","1","475","187"
"31296","Central Station Light Rail","1","","1","475","188"
"29023","Central Station Light Rail","1","","1","475","158"
"29118","Dulwich Hill Light Rail","0","","1","475","189"
"27361","Central Station Light Rail","1","","1","475","126"
"27441","Central Station Light Rail","1","","1","475","151"
"26716","Central Station Light Rail","1","","1","475","190"
"30663","Dulwich Hill Light Rail","0","","1","475","191"
"29941","Central Station Light Rail","1","","1","475","192"
"30564","Dulwich Hill Light Rail","0","","1","475","193"
"27979","Dulwich Hill Light Rail","0","","1","475","194"
"27463","Central Station Light Rail","1","","1","475","35"
"31103","John Street Square Light Rail","0","","1","475","195"
"28099","Central Station Light Rail","1","","1","475","196"
"31396","Central Station Light Rail","1","","1","475","38"
"30760","Dulwich Hill Light Rail","0","","1","475","197"
"29067","Central Station Light Rail","1","","1","475","29"
"29193","Dulwich Hill Light Rail","0","","1","475","198"
"27433","Central Station Light Rail","1","","1","475","38"
"28182","Central Station Light Rail","1","","1","475","199"
"26962","Dulwich Hill Light Rail","0","","1","475","176"
"27301","Central Station Light Rail","1","","1","475","190"
"31022","Dulwich Hill Light Rail","0","","1","475","200"
"26588","Dulwich Hill Light Rail","0","","1","475","146"
"28349","Central Station Light Rail","1","","1","475","201"
"29285","Dulwich Hill Light Rail","0","","1","475","202"
"28109","Central Station Light Rail","1","","1","475","203"
"31252","Central Station Light Rail","1","","1","475","204"
"29498","Dulwich Hill Light Rail","0","","1","475","205"
"26471","Dulwich Hill Light Rail","0","","1","475","137"
"31525","Central Station Light Rail","1","","1","475","206"
"31225","Central Station Light Rail","1","","1","475","207"
"28157","Central Station Light Rail","1","","1","475","208"
"31321","Central Station Light Rail","1","","1","475","209"
"29230","Dulwich Hill Light Rail","0","","1","475","210"
"27349","Central Station Light Rail","1","","1","475","39"
"27578","Central Station Light Rail","1","","1","475","174"
"31444","Central Station Light Rail","1","","1","475","211"
"26566","Dulwich Hill Light Rail","0","","1","475","212"
"26596","Dulwich Hill Light Rail","0","","1","475","213"
"26954","Dulwich Hill Light Rail","0","","1","475","214"
"28106","Central Station Light Rail","1","","1","475","215"
"28369","Central Station Light Rail","1","","1","475","37"
"31523","Central Station Light Rail","1","","1","475","216"
"29647","Central Station Light Rail","1","","1","475","203"
"29428","Dulwich Hill Light Rail","0","","1","475","54"
"29467","Dulwich Hill Light Rail","0","","1","475","6"
"27236","Central Station Light Rail","1","","1","475","217"
"29951","Central Station Light Rail","1","","1","475","4"
"27305","Central Station Light Rail","1","","1","475","218"
"30645","Dulwich Hill Light Rail","0","","1","475","219"
"29836","Central Station Light Rail","1","","1","475","220"
"29972","Central Station Light Rail","1","","1","475","221"
"27284","Central Station Light Rail","1","","1","475","222"
"26996","Dulwich Hill Light Rail","0","","1","475","223"
"29601","Central Station Light Rail","1","","1","475","224"
"26908","Dulwich Hill Light Rail","0","","1","475","225"
"30716","Dulwich Hill Light Rail","0","","1","475","226"
"27596","Central Station Light Rail","1","","1","475","227"
"31371","Central Station Light Rail","1","","1","475","228"
"31108","John Street Square Light Rail","0","","1","475","229"
"26795","Central Station Light Rail","1","","1","475","230"
"30789","Dulwich Hill Light Rail","0","","1","475","231"
"27808","Dulwich Hill Light Rail","0","","1","475","232"
"27421","Central Station Light Rail","1","","1","475","233"
"29706","Central Station Light Rail","1","","1","475","234"
"30419","Central Station Light Rail","1","","1","475","47"
"26877","Dulwich Hill Light Rail","0","","1","475","235"
"27437","Central Station Light Rail","1","","1","475","236"
"26678","Central Station Light Rail","1","","1","475","237"
"27918","Dulwich Hill Light Rail","0","","1","475","6"
"26984","Dulwich Hill Light Rail","0","","1","475","238"
"27297","Central Station Light Rail","1","","1","475","239"
"26619","Dulwich Hill Light Rail","0","","1","475","240"
"28056","Central Station Light Rail","1","","1","475","241"
"27187","Central Station Light Rail","1","","1","475","242"
"27608","Central Station Light Rail","1","","1","475","36"
"27455","Central Station Light Rail","1","","1","475","243"
"28113","Central Station Light Rail","1","","1","475","16"
"27969","Dulwich Hill Light Rail","0","","1","475","63"
"29040","Central Station Light Rail","1","","1","475","174"
"29123","Dulwich Hill Light Rail","0","","1","475","59"
"29374","Dulwich Hill Light Rail","0","","1","475","244"
"31272","Central Station Light Rail","1","","1","475","245"
"27656","Dulwich Hill Light Rail","0","","1","475","246"
"29655","Central Station Light Rail","1","","1","475","247"
"26503","Dulwich Hill Light Rail","0","","1","475","135"
"29516","Dulwich Hill Light Rail","0","","1","475","12"
"27216","Central Station Light Rail","1","","1","475","237"
"29559","John Street Square Light Rail","0","","1","475","248"
"26806","Central Station Light Rail","1","","1","475","143"
"29087","Central Station Light Rail","1","","1","475","129"
"31070","Dulwich Hill Light Rail","0","","1","475","249"
"29562","John Street Square Light Rail","0","","1","475","91"
"26456","Dulwich Hill Light Rail","0","","1","475","97"
"27732","Dulwich Hill Light Rail","0","","1","475","82"
"30635","Dulwich Hill Light Rail","0","","1","475","250"
"26672","Central Station Light Rail","1","","1","475","251"
"26915","Dulwich Hill Light Rail","0","","1","475","252"
"27520","Central Station Light Rail","1","","1","475","253"
"29718","Central Station Light Rail","1","","1","475","254"
"26952","Dulwich Hill Light Rail","0","","1","475","255"
"30600","Dulwich Hill Light Rail","0","","1","475","256"
"29910","Central Station Light Rail","1","","1","475","257"
"26483","Dulwich Hill Light Rail","0","","1","475","225"
"27574","Central Station Light Rail","1","","1","475","258"
"29801","Central Station Light Rail","1","","1","475","5"
"28374","Central Station Light Rail","1","","1","475","147"
"29766","Central Station Light Rail","1","","1","475","259"
"27365","Central Station Light Rail","1","","1","475","260"
"26752","Central Station Light Rail","1","","1","475","261"
"29364","Dulwich Hill Light Rail","0","","1","475","18"
"27649","Dulwich Hill Light Rail","0","","1","475","262"
"26652","John Street Square Light Rail","0","","1","475","263"
"28334","Central Station Light Rail","1","","1","475","264"
"29472","Dulwich Hill Light Rail","0","","1","475","34"
"28177","Central Station Light Rail","1","","1","475","39"
"31392","Central Station Light Rail","1","","1","475","265"
"27933","Dulwich Hill Light Rail","0","","1","475","139"
"28269","Central Station Light Rail","1","","1","475","151"
"26868","Central Station Light Rail","1","","1","475","227"
"29379","Dulwich Hill Light Rail","0","","1","475","266"
"29045","Central Station Light Rail","1","","1","475","267"
"26714","Central Station Light Rail","1","","1","475","239"
"30951","Dulwich Hill Light Rail","0","","1","475","268"
"28201","Central Station Light Rail","1","","1","475","159"
"26875","Dulwich Hill Light Rail","0","","1","475","269"
"30700","Dulwich Hill Light Rail","0","","1","475","270"
"27479","Central Station Light Rail","1","","1","475","271"
"31613","Central Station Light Rail","1","","1","475","227"
"28066","Central Station Light Rail","1","","1","475","224"
"26724","Central Station Light Rail","1","","1","475","272"
"31017","Dulwich Hill Light Rail","0","","1","475","273"
"26631","John Street Square Light Rail","0","","1","475","274"
"28294","Central Station Light Rail","1","","1","475","35"
"31142","Central Station Light Rail","1","","1","475","275"
"26469","Dulwich Hill Light Rail","0","","1","475","276"
"29891","Central Station Light Rail","1","","1","475","89"
"26812","Central Station Light Rail","1","","1","475","253"
"29423","Dulwich Hill Light Rail","0","","1","475","55"
"26446","Central Station Light Rail","1","","1","475","277"
"31542","Central Station Light Rail","1","","1","475","278"
"29754","Central Station Light Rail","1","","1","475","279"
"26881","Dulwich Hill Light Rail","0","","1","475","97"
"26893","Dulwich Hill Light Rail","0","","1","475","276"
"31512","Central Station Light Rail","1","","1","475","280"
"26960","Dulwich Hill Light Rail","0","","1","475","281"
"29355","Dulwich Hill Light Rail","0","","1","475","164"
"28186","Central Station Light Rail","1","","1","475","32"
"28046","John Street Square Light Rail","0","","1","475","72"
"30803","Dulwich Hill Light Rail","0","","1","475","282"
"27467","Central Station Light Rail","1","","1","475","230"
"26800","Central Station Light Rail","1","","1","475","271"
"27140","John Street Square Light Rail","0","","1","475","283"
"31428","Central Station Light Rail","1","","1","475","284"
"26792","Central Station Light Rail","1","","1","475","285"
"28280","Central Station Light Rail","1","","1","475","73"
"26853","Central Station Light Rail","1","","1","475","286"
"26718","Central Station Light Rail","1","","1","475","218"
"29299","Dulwich Hill Light Rail","0","","1","475","287"
"27044","Dulwich Hill Light Rail","0","","1","475","288"
"29214","Dulwich Hill Light Rail","0","","1","475","82"
"26572","Dulwich Hill Light Rail","0","","1","475","238"
"26637","John Street Square Light Rail","0","","1","475","289"
"26756","Central Station Light Rail","1","","1","475","290"
"26666","Central Station Light Rail","1","","1","475","242"
"28305","Central Station Light Rail","1","","1","475","3"
"26791","Central Station Light Rail","1","","1","475","243"
"29310","Dulwich Hill Light Rail","0","","1","475","291"
"29413","Dulwich Hill Light Rail","0","","1","475","292"
"30916","Dulwich Hill Light Rail","0","","1","475","293"
"27550","Central Station Light Rail","1","","1","475","294"
"29509","Dulwich Hill Light Rail","0","","1","475","194"
"26965","Dulwich Hill Light Rail","0","","1","475","295"
"26611","Dulwich Hill Light Rail","0","","1","475","288"
"31485","Central Station Light Rail","1","","1","475","296"
"26586","Dulwich Hill Light Rail","0","","1","475","297"
"28127","Central Station Light Rail","1","","1","475","190"
"27938","Dulwich Hill Light Rail","0","","1","475","141"
"30668","Dulwich Hill Light Rail","0","","1","475","298"
"26949","Dulwich Hill Light Rail","0","","1","475","299"
"26746","Central Station Light Rail","1","","1","475","260"
"29683","Central Station Light Rail","1","","1","475","300"
"27040","Dulwich Hill Light Rail","0","","1","475","301"
"27377","Central Station Light Rail","1","","1","475","261"
"31401","Central Station Light Rail","1","","1","475","302"
"29197","Dulwich Hill Light Rail","0","","1","475","303"
"31118","Central Station Light Rail","1","","1","475","304"
"27645","Dulwich Hill Light Rail","0","","1","475","92"
"27009","Dulwich Hill Light Rail","0","","1","475","305"
"27059","Dulwich Hill Light Rail","0","","1","475","240"
"26497","Dulwich Hill Light Rail","0","","1","475","306"
"28255","Central Station Light Rail","1","","1","475","307"
"30838","Dulwich Hill Light Rail","0","","1","475","308"
"31625","Central Station Light Rail","1","","1","475","309"
"31037","Dulwich Hill Light Rail","0","","1","475","310"
"29812","Central Station Light Rail","1","","1","475","138"
"31326","Central Station Light Rail","1","","1","475","311"
"29143","Dulwich Hill Light Rail","0","","1","475","262"
"28340","Central Station Light Rail","1","","1","475","89"
"26873","Central Station Light Rail","1","","1","475","277"
"26928","Dulwich Hill Light Rail","0","","1","475","312"
"29671","Central Station Light Rail","1","","1","475","313"
"30404","Central Station Light Rail","1","","1","475","314"
"27913","Dulwich Hill Light Rail","0","","1","475","57"
"31052","Dulwich Hill Light Rail","0","","1","475","315"
"27711","Dulwich Hill Light Rail","0","","1","475","68"
"28505","Central Station Light Rail","1","","1","475","26"
"29206","Dulwich Hill Light Rail","0","","1","475","84"
"31416","Central Station Light Rail","1","","1","475","243"
"26452","Dulwich Hill Light Rail","0","","1","475","235"
"27320","Central Station Light Rail","1","","1","475","272"
"27491","Central Station Light Rail","1","","1","475","143"
"26552","Dulwich Hill Light Rail","0","","1","475","281"
"26831","Central Station Light Rail","1","","1","475","316"
"29930","Central Station Light Rail","1","","1","475","147"
"27459","Central Station Light Rail","1","","1","475","285"
"27130","John Street Square Light Rail","0","","1","475","289"
"27383","Central Station Light Rail","1","","1","475","290"
"26450","Dulwich Hill Light Rail","0","","1","475","269"
"30686","Dulwich Hill Light Rail","0","","1","475","317"
"30755","Dulwich Hill Light Rail","0","","1","475","318"
"28191","Central Station Light Rail","1","","1","475","126"
"29135","Dulwich Hill Light Rail","0","","1","475","102"
"27588","Central Station Light Rail","1","","1","475","319"
"26975","Dulwich Hill Light Rail","0","","1","475","212"
"31316","Central Station Light Rail","1","","1","475","320"
"27102","John Street Square Light Rail","0","","1","475","274"
"28245","Central Station Light Rail","1","","1","475","321"
"26859","Central Station Light Rail","1","","1","475","322"
"26708","Central Station Light Rail","1","","1","475","222"
"27172","John Street Square Light Rail","0","","1","475","263"
"26924","Dulwich Hill Light Rail","0","","1","475","306"
"31247","Central Station Light Rail","1","","1","475","323"
"26720","Central Station Light Rail","1","","1","475","324"
"29525","Wentworth Park Light Rail","0","","1","475","175"
"27637","Dulwich Hill Light Rail","0","","1","475","8"
"30926","Dulwich Hill Light Rail","0","","1","475","325"
"30823","Dulwich Hill Light Rail","0","","1","475","326"
"26501","Dulwich Hill Light Rail","0","","1","475","312"
"29730","Central Station Light Rail","1","","1","475","199"
"26770","Central Station Light Rail","1","","1","475","327"
"31546","Central Station Light Rail","1","","1","475","328"
"26934","Dulwich Hill Light Rail","0","","1","475","329"
"29962","Central Station Light Rail","1","","1","475","23"
"27312","Central Station Light Rail","1","","1","475","324"
"27015","Dulwich Hill Light Rail","0","","1","475","213"
"30589","Dulwich Hill Light Rail","0","","1","475","330"
"29091","Central Station Light Rail","1","","1","475","331"
"26540","Dulwich Hill Light Rail","0","","1","475","214"
"30872","Dulwich Hill Light Rail","0","","1","475","332"
"27847","Dulwich Hill Light Rail","0","","1","475","146"
"29632","Central Station Light Rail","1","","1","475","333"
"29487","Dulwich Hill Light Rail","0","","1","475","141"
"26558","Dulwich Hill Light Rail","0","","1","475","295"
"30770","Dulwich Hill Light Rail","0","","1","475","334"
"27249","Central Station Light Rail","1","","1","475","335"
"30659","Dulwich Hill Light Rail","0","","1","475","336"
"28117","Central Station Light Rail","1","","1","475","247"
"31581","Central Station Light Rail","1","","1","475","337"
"31262","Central Station Light Rail","1","","1","475","338"
"31534","Central Station Light Rail","1","","1","475","339"
"31456","Central Station Light Rail","1","","1","475","340"
"29234","Dulwich Hill Light Rail","0","","1","475","341"
"31234","Central Station Light Rail","1","","1","475","342"
"27813","Dulwich Hill Light Rail","0","","1","475","54"
"28075","Central Station Light Rail","1","","1","475","343"
"26656","John Street Square Light Rail","0","","1","475","344"
"29935","Central Station Light Rail","1","","1","475","110"
"26686","Central Station Light Rail","1","","1","475","217"
"29019","Central Station Light Rail","1","","1","475","4"
"27558","Central Station Light Rail","1","","0","475","316"
"26536","Dulwich Hill Light Rail","0","","1","475","255"
"31593","Central Station Light Rail","1","","1","475","345"
"29742","Central Station Light Rail","1","","1","475","126"
"29821","Central Station Light Rail","1","","1","475","151"
"27745","Dulwich Hill Light Rail","0","","1","475","15"
"26580","Dulwich Hill Light Rail","0","","1","475","223"
"26592","Dulwich Hill Light Rail","0","","1","475","305"
"29418","Dulwich Hill Light Rail","0","","1","475","176"
"27954","Dulwich Hill Light Rail","0","","1","475","157"
"31497","Central Station Light Rail","1","","1","475","346"
"31127","Central Station Light Rail","1","","1","475","347"
"30595","Dulwich Hill Light Rail","0","","1","475","348"
"27201","Central Station Light Rail","1","","1","475","251"
"29493","Dulwich Hill Light Rail","0","","1","475","58"
"31113","John Street Square Light Rail","0","","1","475","349"
"27616","Central Station Light Rail","1","","1","475","350"
"26507","Dulwich Hill Light Rail","0","","1","475","329"
"31356","Central Station Light Rail","1","","1","475","351"
"30887","Dulwich Hill Light Rail","0","","1","475","352"
"30723","Dulwich Hill Light Rail","0","","1","475","353"
"27823","Dulwich Hill Light Rail","0","","1","475","51"
"27799","Dulwich Hill Light Rail","0","","1","475","354"
"29439","Dulwich Hill Light Rail","0","","1","475","355"
"26692","Central Station Light Rail","1","","1","475","335"
"27003","Dulwich Hill Light Rail","0","","1","475","297"
"26764","Central Station Light Rail","1","","1","475","173"
"27887","Dulwich Hill Light Rail","0","","1","475","18"
"27409","Central Station Light Rail","1","","1","475","327"
"26529","Dulwich Hill Light Rail","0","","1","475","299"
"26784","Central Station Light Rail","1","","1","475","236"
"27506","Central Station Light Rail","1","","1","475","56"
"30712","Dulwich Hill Light Rail","0","","1","475","356"
"27974","Dulwich Hill Light Rail","0","","1","475","357"
"27928","Dulwich Hill Light Rail","0","","1","475","240"
"27182","Central Station Light Rail","1","","1","475","358"
"26834","Central Station Light Rail","1","","1","475","359"
"26475","Dulwich Hill Light Rail","0","","1","475","360"
"27029","Dulwich Hill Light Rail","0","","1","475","64"
"27620","Central Station Light Rail","1","","1","475","361"
"26732","Central Station Light Rail","1","","1","475","108"
"29641","Central Station Light Rail","1","","1","475","362"
"27475","Central Station Light Rail","1","","1","475","363"
"27854","Dulwich Hill Light Rail","0","","1","475","305"
"28329","Central Station Light Rail","1","","1","475","143"
"31521","Central Station Light Rail","1","","1","475","364"
"27231","Central Station Light Rail","1","","1","475","365"
"26509","Dulwich Hill Light Rail","0","","1","475","366"
"31605","Central Station Light Rail","1","","1","475","367"
"31282","Central Station Light Rail","1","","1","475","368"
"27664","Dulwich Hill Light Rail","0","","1","475","135"
"31440","Central Station Light Rail","1","","1","475","369"
"26940","Dulwich Hill Light Rail","0","","1","475","370"
"27739","Dulwich Hill Light Rail","0","","1","475","299"
"30906","Dulwich Hill Light Rail","0","","1","475","371"
"29788","Central Station Light Rail","1","","1","475","173"
"28289","Central Station Light Rail","1","","1","475","285"
"30605","Dulwich Hill Light Rail","0","","1","475","372"
"26570","Dulwich Hill Light Rail","0","","1","475","202"
"27405","Central Station Light Rail","1","","1","475","83"
"30450","Dulwich Hill Light Rail","0","","1","475","373"
"28017","John Street Square Light Rail","0","","1","475","289"
"30798","Dulwich Hill Light Rail","0","","1","475","374"
"29227","Dulwich Hill Light Rail","0","","1","475","15"
"31000","Dulwich Hill Light Rail","0","","0","475","375"
"26762","Central Station Light Rail","1","","1","475","376"
"28222","Central Station Light Rail","1","","1","475","290"
"29166","Dulwich Hill Light Rail","0","","1","475","135"
"27862","Dulwich Hill Light Rail","0","","1","475","213"
"31352","Central Station Light Rail","1","","1","475","377"
"26627","Dulwich Hill Light Rail","0","","1","475","205"
"27661","Dulwich Hill Light Rail","0","","1","475","312"
"26538","Dulwich Hill Light Rail","0","","1","475","378"
"30720","Dulwich Hill Light Rail","0","","1","475","379"
"27483","Central Station Light Rail","1","","1","475","136"
"29776","Central Station Light Rail","1","","1","475","21"
"29925","Central Station Light Rail","1","","1","475","37"
"26670","Central Station Light Rail","1","","1","475","380"
"29609","Central Station Light Rail","1","","1","475","343"
"26505","Dulwich Hill Light Rail","0","","1","475","381"
"27022","Dulwich Hill Light Rail","0","","1","475","382"
"26907","Dulwich Hill Light Rail","0","","1","475","383"
"27264","Central Station Light Rail","1","","1","475","384"
"29842","Central Station Light Rail","1","","1","475","285"
"27487","Central Station Light Rail","1","","1","475","385"
"26768","Central Station Light Rail","1","","1","475","83"
"29575","John Street Square Light Rail","0","","1","475","163"
"26467","Dulwich Hill Light Rail","0","","1","475","386"
"29109","Central Station Light Rail","1","","1","475","95"
"27280","Central Station Light Rail","1","","1","475","387"
"31531","Central Station Light Rail","1","","1","475","388"
"27750","Dulwich Hill Light Rail","0","","1","475","389"
"27570","Central Station Light Rail","1","","1","475","390"
"29280","Dulwich Hill Light Rail","0","","1","475","212"
"29919","Central Station Light Rail","1","","1","475","253"
"29294","Dulwich Hill Light Rail","0","","1","475","51"
"29403","Dulwich Hill Light Rail","0","","1","475","255"
"30610","Dulwich Hill Light Rail","0","","1","475","391"
"31012","Dulwich Hill Light Rail","0","","1","475","392"
"26955","Dulwich Hill Light Rail","0","","1","475","393"
"30474","Dulwich Hill Light Rail","0","","1","475","394"
"29565","John Street Square Light Rail","0","","1","475","72"
"28299","Central Station Light Rail","1","","1","475","230"
"26820","Central Station Light Rail","1","","1","475","192"
"27818","Dulwich Hill Light Rail","0","","1","475","395"
"29702","Central Station Light Rail","1","","1","475","396"
"31452","Central Station Light Rail","1","","1","475","397"
"26609","Dulwich Hill Light Rail","0","","1","475","301"
"26542","Dulwich Hill Light Rail","0","","1","475","393"
"26921","Dulwich Hill Light Rail","0","","1","475","398"
"28079","Central Station Light Rail","1","","1","475","237"
"31388","Central Station Light Rail","1","","1","475","399"
"31065","Dulwich Hill Light Rail","0","","1","475","400"
"27393","Central Station Light Rail","1","","1","475","376"
"30867","Dulwich Hill Light Rail","0","","1","475","401"
"26640","John Street Square Light Rail","0","","1","475","162"
"29583","Central Station Light Rail","1","","1","475","241"
"29190","Dulwich Hill Light Rail","0","","1","475","402"
"26900","Dulwich Hill Light Rail","0","","1","475","360"
"28275","Central Station Light Rail","1","","1","475","403"
"29902","Central Station Light Rail","1","","1","475","404"
"26698","Central Station Light Rail","1","","1","475","384"
"30435","Central Station Light Rail","1","","1","475","104"
"26660","Lilyfield Light Rail","1","","1","475","405"
"29691","Central Station Light Rail","1","","1","475","406"
"26578","Dulwich Hill Light Rail","0","","1","475","407"
"26600","Dulwich Hill Light Rail","0","","1","475","382"
"30818","Dulwich Hill Light Rail","0","","1","475","408"
"27828","Dulwich Hill Light Rail","0","","1","475","409"
"26633","John Street Square Light Rail","0","","1","475","410"
"28134","Central Station Light Rail","1","","1","475","324"
"26880","Dulwich Hill Light Rail","0","","1","475","411"
"27002","Dulwich Hill Light Rail","0","","1","475","412"
"29139","Dulwich Hill Light Rail","0","","1","475","92"
"28211","Central Station Light Rail","1","","1","475","261"
"27244","Central Station Light Rail","1","","1","475","88"
"28051","John Street Square Light Rail","0","","1","475","263"
"31291","Central Station Light Rail","1","","1","475","413"
"27604","Central Station Light Rail","1","","1","475","414"
"29738","Central Station Light Rail","1","","1","475","415"
"27324","Central Station Light Rail","1","","1","475","416"
"28265","Central Station Light Rail","1","","1","475","417"
"26706","Central Station Light Rail","1","","1","475","387"
"29027","Central Station Light Rail","1","","1","475","294"
"31398","Central Station Light Rail","1","","1","475","418"
"29385","Dulwich Hill Light Rail","0","","1","475","419"
"26594","Dulwich Hill Light Rail","0","","1","475","65"
"27336","Central Station Light Rail","1","","1","475","108"
"27316","Central Station Light Rail","1","","1","475","420"
"31554","Central Station Light Rail","1","","1","475","421"
"29082","Central Station Light Rail","1","","1","475","36"
"26728","Central Station Light Rail","1","","1","475","422"
"28121","Central Station Light Rail","1","","1","475","239"
"31267","Central Station Light Rail","1","","1","475","423"
"26639","John Street Square Light Rail","0","","1","475","424"
"29447","Dulwich Hill Light Rail","0","","1","475","288"
"31578","Central Station Light Rail","1","","1","475","425"
"26495","Dulwich Hill Light Rail","0","","1","475","398"
"29152","Dulwich Hill Light Rail","0","","1","475","246"
"26642","John Street Square Light Rail","0","","1","475","9"
"29453","Dulwich Hill Light Rail","0","","1","475","57"
"26684","Central Station Light Rail","1","","1","475","365"
"28003","John Street Square Light Rail","0","","1","475","274"
"29096","Central Station Light Rail","1","","1","475","361"
"26993","Dulwich Hill Light Rail","0","","1","475","407"
"28142","Central Station Light Rail","1","","1","475","272"
"26603","Dulwich Hill Light Rail","0","","1","475","64"
"31337","Central Station Light Rail","1","","1","475","426"
"29519","Dulwich Hill Light Rail","0","","1","475","427"
"30750","Dulwich Hill Light Rail","0","","1","475","428"
"31567","Central Station Light Rail","1","","1","475","429"
"26722","Central Station Light Rail","1","","1","475","420"
"27833","Dulwich Hill Light Rail","0","","1","475","223"
"27012","Dulwich Hill Light Rail","0","","1","475","65"
"26533","Dulwich Hill Light Rail","0","","1","475","430"
"26892","Dulwich Hill Light Rail","0","","1","475","386"
"26454","Dulwich Hill Light Rail","0","","1","475","411"
"29680","Central Station Light Rail","1","","1","475","324"
"26842","Central Station Light Rail","1","","1","475","258"
"26584","Dulwich Hill Light Rail","0","","1","475","412"
"27135","John Street Square Light Rail","0","","1","475","424"
"31162","Central Station Light Rail","1","","1","475","431"
"28196","Central Station Light Rail","1","","1","475","432"
"29905","Central Station Light Rail","1","","1","475","159"
"28026","John Street Square Light Rail","0","","1","475","283"
"31152","Central Station Light Rail","1","","1","475","433"
"28314","Central Station Light Rail","1","","1","475","271"
"26662","Central Station Light Rail","1","","1","475","434"
"31047","Dulwich Hill Light Rail","0","","1","475","435"
"28085","Central Station Light Rail","1","","1","475","436"
"29482","Dulwich Hill Light Rail","0","","1","475","139"
"30936","Dulwich Hill Light Rail","0","","1","475","437"
"29250","Dulwich Hill Light Rail","0","","1","475","74"
"28130","Central Station Light Rail","1","","1","475","218"
"31481","Central Station Light Rail","1","","1","475","438"
"27328","Central Station Light Rail","1","","1","475","422"
"26802","Central Station Light Rail","1","","1","475","136"
"31257","Central Station Light Rail","1","","1","475","439"
"26690","Central Station Light Rail","1","","1","475","88"
"26489","Dulwich Hill Light Rail","0","","1","475","252"
"29887","Central Station Light Rail","1","","1","475","87"
"27902","Dulwich Hill Light Rail","0","","1","475","288"
"27843","Dulwich Hill Light Rail","0","","1","475","297"
"26515","Dulwich Hill Light Rail","0","","1","475","198"
"27514","Central Station Light Rail","1","","1","475","440"
"27196","Central Station Light Rail","1","","1","475","380"
"26776","Central Station Light Rail","1","","1","475","233"
"30833","Dulwich Hill Light Rail","0","","1","475","441"
"26635","John Street Square Light Rail","0","","1","475","124"
"31609","Central Station Light Rail","1","","1","475","29"
"27007","Dulwich Hill Light Rail","0","","1","475","442"
"29320","Dulwich Hill Light Rail","0","","1","475","146"
"26550","Dulwich Hill Light Rail","0","","1","475","119"
"26972","Dulwich Hill Light Rail","0","","1","475","40"
"26850","Central Station Light Rail","1","","1","475","132"
"29071","Central Station Light Rail","1","","1","475","227"
"31181","Central Station Light Rail","1","","1","475","443"
"27107","John Street Square Light Rail","0","","1","475","410"
"30735","Dulwich Hill Light Rail","0","","1","475","444"
"27764","Dulwich Hill Light Rail","0","","1","475","214"
"26888","Dulwich Hill Light Rail","0","","1","475","445"
"27373","Central Station Light Rail","1","","1","475","446"
"26590","Dulwich Hill Light Rail","0","","1","475","442"
"28031","John Street Square Light Rail","0","","1","475","447"
"29762","Central Station Light Rail","1","","1","475","261"
"30853","Dulwich Hill Light Rail","0","","1","475","448"
"31469","Central Station Light Rail","1","","1","475","449"
"26544","Dulwich Hill Light Rail","0","","1","475","450"
"28205","Central Station Light Rail","1","","1","475","451"
"29242","Dulwich Hill Light Rail","0","","1","475","452"
"29569","John Street Square Light Rail","0","","1","475","263"
"26798","Central Station Light Rail","1","","1","475","363"
"31032","Dulwich Hill Light Rail","0","","1","475","453"
"26726","Central Station Light Rail","1","","1","475","416"
"26939","Dulwich Hill Light Rail","0","","1","475","366"
"29982","Central Station Light Rail","1","","1","475","174"
"31089","John Street Square Light Rail","0","","1","475","454"
"29210","Dulwich Hill Light Rail","0","","1","475","455"
"27755","Dulwich Hill Light Rail","0","","1","475","255"
"29832","Central Station Light Rail","1","","1","475","73"
"27177","Central Station Light Rail","1","","1","475","434"
"31424","Central Station Light Rail","1","","1","475","456"
"29857","Central Station Light Rail","1","","1","475","3"
"26511","Dulwich Hill Light Rail","0","","1","475","370"
"30946","Dulwich Hill Light Rail","0","","1","475","457"
"27562","Central Station Light Rail","1","","1","475","359"
"27211","Central Station Light Rail","1","","1","475","458"
"26951","Dulwich Hill Light Rail","0","","1","475","430"
"31509","Central Station Light Rail","1","","1","475","459"
"26953","Dulwich Hill Light Rail","0","","1","475","378"
"29579","John Street Square Light Rail","0","","1","475","460"
"27125","John Street Square Light Rail","0","","1","475","124"
"26664","Central Station Light Rail","1","","1","475","358"
"27674","Dulwich Hill Light Rail","0","","1","475","329"
"26959","Dulwich Hill Light Rail","0","","1","475","119"
"29477","Dulwich Hill Light Rail","0","","1","475","240"
"29330","Dulwich Hill Light Rail","0","","1","475","305"
"26481","Dulwich Hill Light Rail","0","","1","475","383"
"29271","Dulwich Hill Light Rail","0","","1","475","50"
"29946","Central Station Light Rail","1","","1","475","26"
"31621","Central Station Light Rail","1","","1","475","461"
"26803","Central Station Light Rail","1","","1","475","385"
"30680","Dulwich Hill Light Rail","0","","1","475","462"
"29304","Dulwich Hill Light Rail","0","","1","475","223"
"30784","Dulwich Hill Light Rail","0","","1","475","463"
"27534","Central Station Light Rail","1","","1","475","192"
"31412","Central Station Light Rail","1","","1","475","464"
"26956","Dulwich Hill Light Rail","0","","1","475","450"
"27994","Dulwich Hill Light Rail","0","","1","475","427"
"29052","Central Station Light Rail","1","","1","475","465"
"29847","Central Station Light Rail","1","","1","475","35"
"26840","Central Station Light Rail","1","","1","475","390"
"29668","Central Station Light Rail","1","","1","475","190"
"30655","Dulwich Hill Light Rail","0","","1","475","466"
"26942","Dulwich Hill Light Rail","0","","1","475","198"
"26981","Dulwich Hill Light Rail","0","","1","475","202"
"26750","Central Station Light Rail","1","","1","475","446"
"31172","Central Station Light Rail","1","","1","475","467"
"31084","John Street Square Light Rail","0","","1","475","468"
"27984","Dulwich Hill Light Rail","0","","1","475","469"
"27652","Dulwich Hill Light Rail","0","","1","475","306"
"27077","Dulwich Hill Light Rail","0","","1","475","205"
"29202","Dulwich Hill Light Rail","0","","1","475","470"
"30931","Dulwich Hill Light Rail","0","","1","475","471"
"26932","Dulwich Hill Light Rail","0","","1","475","381"
"30692","Dulwich Hill Light Rail","0","","1","475","472"
"26564","Dulwich Hill Light Rail","0","","1","475","40"
"29784","Central Station Light Rail","1","","1","475","376"
"27949","Dulwich Hill Light Rail","0","","1","475","205"
"27353","Central Station Light Rail","1","","1","475","199"
"26473","Dulwich Hill Light Rail","0","","1","475","25"
"31287","Central Station Light Rail","1","","1","475","473"
"30901","Dulwich Hill Light Rail","0","","1","475","474"
"29177","Dulwich Hill Light Rail","0","","1","475","329"
"26865","Central Station Light Rail","1","","1","475","29"
"30911","Dulwich Hill Light Rail","0","","1","475","475"
"27669","Dulwich Hill Light Rail","0","","1","475","381"
"31601","Central Station Light Rail","1","","1","475","476"
"26943","Dulwich Hill Light Rail","0","","1","475","160"
"29132","Dulwich Hill Light Rail","0","","1","475","477"
"29340","Dulwich Hill Light Rail","0","","1","475","213"
"26462","Dulwich Hill Light Rail","0","","1","475","445"
"28152","Central Station Light Rail","1","","1","475","422"
"30706","Dulwich Hill Light Rail","0","","1","475","478"
"27857","Dulwich Hill Light Rail","0","","1","475","65"
"27239","Central Station Light Rail","1","","1","475","161"
"27067","Dulwich Hill Light Rail","0","","1","475","141"
"28021","John Street Square Light Rail","0","","1","475","424"
"26913","Dulwich Hill Light Rail","0","","1","475","479"
"26598","Dulwich Hill Light Rail","0","","1","475","45"
"26846","Central Station Light Rail","1","","1","475","480"
"28359","Central Station Light Rail","1","","1","475","440"
"26562","Dulwich Hill Light Rail","0","","1","475","55"
"26990","Dulwich Hill Light Rail","0","","1","475","481"
"31617","Central Station Light Rail","1","","1","475","482"
"26885","Dulwich Hill Light Rail","0","","1","475","155"
"29714","Central Station Light Rail","1","","1","475","483"
"29398","Dulwich Hill Light Rail","0","","1","475","484"
"31132","Central Station Light Rail","1","","1","475","485"
"27530","Central Station Light Rail","1","","1","475","110"
"31448","Central Station Light Rail","1","","1","475","486"
"27897","Dulwich Hill Light Rail","0","","1","475","301"
"26625","Dulwich Hill Light Rail","0","","1","475","58"
"30497","Dulwich Hill Light Rail","0","","1","475","487"
"26601","Dulwich Hill Light Rail","0","","1","475","164"
"28095","Central Station Light Rail","1","","1","475","80"
"29290","Dulwich Hill Light Rail","0","","1","475","238"
"31079","Dulwich Hill Light Rail","0","","1","475","488"
"26736","Central Station Light Rail","1","","1","475","31"
"31528","Central Station Light Rail","1","","1","475","489"
"29881","Central Station Light Rail","1","","1","475","143"
"30971","Dulwich Hill Light Rail","0","","1","475","490"
"26704","Central Station Light Rail","1","","1","475","20"
"28162","Central Station Light Rail","1","","1","475","108"
"29772","Central Station Light Rail","1","","1","475","290"
"29541","John Street Square Light Rail","0","","1","475","289"
"26941","Dulwich Hill Light Rail","0","","1","475","71"
"29349","Dulwich Hill Light Rail","0","","1","475","382"
"28284","Central Station Light Rail","1","","1","475","491"
"29504","Dulwich Hill Light Rail","0","","1","475","357"
"29612","Central Station Light Rail","1","","1","475","237"
"26904","Dulwich Hill Light Rail","0","","1","475","59"
"29877","Central Station Light Rail","1","","1","475","385"
"30558","Dulwich Hill Light Rail","0","","1","475","492"
"31157","Central Station Light Rail","1","","1","475","493"
"29162","Dulwich Hill Light Rail","0","","1","475","494"
"31366","Central Station Light Rail","1","","1","475","495"
"30534","Dulwich Hill Light Rail","0","","1","475","496"
"31176","Central Station Light Rail","1","","1","475","48"
"27401","Central Station Light Rail","1","","1","475","257"
"29513","Dulwich Hill Light Rail","0","","1","475","469"
"31122","Central Station Light Rail","1","","1","475","497"
"31436","Central Station Light Rail","1","","1","475","498"
"28231","Central Station Light Rail","1","","1","475","376"
"31347","Central Station Light Rail","1","","1","475","499"
"29222","Dulwich Hill Light Rail","0","","1","475","500"
"30813","Dulwich Hill Light Rail","0","","1","475","501"
"27417","Central Station Light Rail","1","","1","475","115"
"26760","Central Station Light Rail","1","","1","475","30"
"26999","Dulwich Hill Light Rail","0","","1","475","502"
"26576","Dulwich Hill Light Rail","0","","1","475","481"
"26556","Dulwich Hill Light Rail","0","","1","475","69"
"31230","Central Station Light Rail","1","","1","475","503"
"29266","Dulwich Hill Light Rail","0","","1","475","295"
"26617","Dulwich Hill Light Rail","0","","1","475","34"
"29605","Central Station Light Rail","1","","1","475","504"
"31008","Dulwich Hill Light Rail","0","","1","475","505"
"29617","Central Station Light Rail","1","","1","475","365"
"28090","Central Station Light Rail","1","","1","475","506"
"28013","John Street Square Light Rail","0","","1","475","124"
"27964","Dulwich Hill Light Rail","0","","1","475","507"
"27851","Dulwich Hill Light Rail","0","","1","475","442"
"29443","Dulwich Hill Light Rail","0","","1","475","301"
"29861","Central Station Light Rail","1","","1","475","363"
"27760","Dulwich Hill Light Rail","0","","1","475","378"
"26864","Central Station Light Rail","1","","1","475","508"
"31505","Central Station Light Rail","1","","1","475","509"
"29663","Central Station Light Rail","1","","1","475","510"
"31589","Central Station Light Rail","1","","1","475","511"
"30779","Dulwich Hill Light Rail","0","","1","475","512"
"30828","Dulwich Hill Light Rail","0","","1","475","513"
"31277","Central Station Light Rail","1","","1","475","514"
"27149","John Street Square Light Rail","0","","1","475","24"
"27592","Central Station Light Rail","1","","1","475","29"
"30445","Central Station Light Rail","1","","1","475","227"
"29698","Central Station Light Rail","1","","1","475","422"
"27259","Central Station Light Rail","1","","1","475","177"
"26766","Central Station Light Rail","1","","1","475","257"
"26444","Central Station Light Rail","1","","1","475","515"
"28385","Central Station Light Rail","1","","1","475","192"
"27346","Central Station Light Rail","1","","1","475","31"
"30414","Central Station Light Rail","1","","1","475","286"
"31027","Dulwich Hill Light Rail","0","","1","475","516"
"30882","Dulwich Hill Light Rail","0","","1","475","517"
"26479","Dulwich Hill Light Rail","0","","1","475","59"
"27276","Central Station Light Rail","1","","1","475","20"
"31550","Central Station Light Rail","1","","1","475","518"
"30941","Dulwich Hill Light Rail","0","","1","475","519"
"26810","Central Station Light Rail","1","","1","475","520"
"27293","Central Station Light Rail","1","","1","475","521"
"26517","Dulwich Hill Light Rail","0","","1","475","160"
"26582","Dulwich Hill Light Rail","0","","1","475","502"
"30765","Dulwich Hill Light Rail","0","","1","475","522"
"27679","Dulwich Hill Light Rail","0","","1","475","366"
"28071","Central Station Light Rail","1","","1","475","504"
"31191","Central Station Light Rail","1","","1","475","523"
"26970","Dulwich Hill Light Rail","0","","1","475","55"
"29035","Central Station Light Rail","1","","1","475","258"
"27018","Dulwich Hill Light Rail","0","","1","475","45"
"31493","Central Station Light Rail","1","","1","475","524"
"27025","Dulwich Hill Light Rail","0","","1","475","164"
"27510","Central Station Light Rail","1","","1","475","112"
"27769","Dulwich Hill Light Rail","0","","1","475","393"
"29258","Dulwich Hill Light Rail","0","","1","475","281"
"29852","Central Station Light Rail","1","","1","475","230"
"26658","Lilyfield Light Rail","1","","1","475","525"
"31167","Central Station Light Rail","1","","1","475","526"
"26513","Dulwich Hill Light Rail","0","","1","475","71"
"27838","Dulwich Hill Light Rail","0","","1","475","527"
"27784","Dulwich Hill Light Rail","0","","1","475","119"
"26646","John Street Square Light Rail","0","","1","475","248"
"28008","John Street Square Light Rail","0","","1","475","410"
"26644","John Street Square Light Rail","0","","1","475","24"
"27037","Dulwich Hill Light Rail","0","","1","475","101"
"30990","Dulwich Hill Light Rail","0","","1","475","528"
"31538","Central Station Light Rail","1","","1","475","529"
"30510","Dulwich Hill Light Rail","0","","1","475","530"
"27872","Dulwich Hill Light Rail","0","","1","475","382"
"30579","Dulwich Hill Light Rail","0","","1","475","246"
"26523","Dulwich Hill Light Rail","0","","1","475","84"
"29977","Central Station Light Rail","1","","1","475","258"
"27332","Central Station Light Rail","1","","1","475","208"
"27693","Dulwich Hill Light Rail","0","","1","475","198"
"29750","Central Station Light Rail","1","","1","475","260"
"26780","Central Station Light Rail","1","","1","475","138"
"30848","Dulwich Hill Light Rail","0","","1","475","531"
"29809","Central Station Light Rail","1","","1","475","532"
"26889","Dulwich Hill Light Rail","0","","1","475","533"
"27055","Dulwich Hill Light Rail","0","","1","475","34"
"31408","Central Station Light Rail","1","","1","475","534"
"27445","Central Station Light Rail","1","","1","475","168"
"30745","Dulwich Hill Light Rail","0","","1","475","535"
"26963","Dulwich Hill Light Rail","0","","1","475","69"
"30468","Dulwich Hill Light Rail","0","","1","475","536"
"30956","Dulwich Hill Light Rail","0","","1","475","537"
"28061","Central Station Light Rail","1","","1","475","134"
"30456","Dulwich Hill Light Rail","0","","1","475","538"
"30429","Central Station Light Rail","1","","1","475","322"
"27774","Dulwich Hill Light Rail","0","","1","475","450"
"31311","Central Station Light Rail","1","","1","475","539"
"29200","Dulwich Hill Light Rail","0","","1","475","540"
"27725","Dulwich Hill Light Rail","0","","1","475","541"
"26519","Dulwich Hill Light Rail","0","","1","475","99"
"29867","Central Station Light Rail","1","","1","475","271"
"29620","Central Station Light Rail","1","","1","475","436"
"26493","Dulwich Hill Light Rail","0","","1","475","542"
"26607","Dulwich Hill Light Rail","0","","1","475","101"
"27882","Dulwich Hill Light Rail","0","","1","475","64"
"26700","Central Station Light Rail","1","","1","475","543"
"28310","Central Station Light Rail","1","","1","475","363"
"28083","Central Station Light Rail","1","","1","475","365"
"30615","Dulwich Hill Light Rail","0","","1","475","544"
"27154","John Street Square Light Rail","0","","1","475","248"
"29533","John Street Square Light Rail","0","","1","475","410"
"31201","Central Station Light Rail","1","","1","475","545"
"28036","John Street Square Light Rail","0","","1","475","546"
"26946","Dulwich Hill Light Rail","0","","1","475","84"
"26819","Central Station Light Rail","1","","1","475","110"
"31574","Central Station Light Rail","1","","1","475","547"
"29687","Central Station Light Rail","1","","1","475","272"
"29325","Dulwich Hill Light Rail","0","","1","475","442"
"31220","Central Station Light Rail","1","","1","475","247"
"27684","Dulwich Hill Light Rail","0","","1","475","370"
"26871","Central Station Light Rail","1","","1","475","515"
"28344","Central Station Light Rail","1","","1","475","56"
"27600","Central Station Light Rail","1","","1","475","548"
"29758","Central Station Light Rail","1","","1","475","446"
"29626","Central Station Light Rail","1","","1","475","506"
"29394","Dulwich Hill Light Rail","0","","1","475","549"
"29076","Central Station Light Rail","1","","1","475","414"
"29629","Central Station Light Rail","1","","1","475","550"
"30395","Central Station Light Rail","1","","1","475","551"
"27502","Central Station Light Rail","1","","1","475","520"
"29675","Central Station Light Rail","1","","1","475","552"
"29529","John Street Square Light Rail","0","","1","475","274"
"26696","Central Station Light Rail","1","","1","475","177"
"31420","Central Station Light Rail","1","","1","475","553"
"31301","Central Station Light Rail","1","","1","475","554"
"30625","Dulwich Hill Light Rail","0","","1","475","555"
"27546","Central Station Light Rail","1","","1","475","158"
"27627","Dulwich Hill Light Rail","0","","1","475","189"
"28087","Central Station Light Rail","1","","1","475","88"
"26712","Central Station Light Rail","1","","1","475","521"
"28138","Central Station Light Rail","1","","1","475","420"
"28041","John Street Square Light Rail","0","","1","475","556"
"27271","Central Station Light Rail","1","","1","475","196"
"29239","Dulwich Hill Light Rail","0","","1","475","214"
"26827","Central Station Light Rail","1","","1","475","158"
"31465","Central Station Light Rail","1","","1","475","557"
"26958","Dulwich Hill Light Rail","0","","1","475","292"
"26944","Dulwich Hill Light Rail","0","","1","475","99"
"31061","Dulwich Hill Light Rail","0","","1","475","558"
"26702","Central Station Light Rail","1","","1","475","196"
"26464","Dulwich Hill Light Rail","0","","1","475","533"
"27542","Central Station Light Rail","1","","1","475","4"
"30728","Dulwich Hill Light Rail","0","","1","475","559"
"26740","Central Station Light Rail","1","","1","475","199"
"31383","Central Station Light Rail","1","","1","475","560"
"29186","Dulwich Hill Light Rail","0","","1","475","370"
"28241","Central Station Light Rail","1","","1","475","83"
"26897","Dulwich Hill Light Rail","0","","1","475","25"
"28216","Central Station Light Rail","1","","1","475","561"
"27390","Central Station Light Rail","1","","1","475","30"
"26682","Central Station Light Rail","1","","1","475","562"
"26730","Central Station Light Rail","1","","1","475","208"
"27340","Central Station Light Rail","1","","1","475","22"
"27429","Central Station Light Rail","1","","1","475","138"
"28147","Central Station Light Rail","1","","1","475","416"
"31210","Central Station Light Rail","1","","1","475","563"
"29726","Central Station Light Rail","1","","1","475","564"
"31634","Central Station Light Rail","1","","1","475","129"
"26774","Central Station Light Rail","1","","1","475","115"
"29246","Dulwich Hill Light Rail","0","","1","475","450"
"27072","Dulwich Hill Light Rail","0","","1","475","58"
"30862","Dulwich Hill Light Rail","0","","1","475","565"
"29102","Central Station Light Rail","1","","1","475","566"
"26734","Central Station Light Rail","1","","1","475","22"
"26676","Central Station Light Rail","1","","1","475","458"
"26919","Dulwich Hill Light Rail","0","","1","475","542"
"27226","Central Station Light Rail","1","","1","475","562"
"26787","Central Station Light Rail","1","","1","475","168"
"26548","Dulwich Hill Light Rail","0","","1","475","292"
"26849","Central Station Light Rail","1","","1","475","314"
"27267","Central Station Light Rail","1","","1","475","543"
"31477","Central Station Light Rail","1","","1","475","567"
"28319","Central Station Light Rail","1","","1","475","136"
"26857","Central Station Light Rail","1","","1","475","172"
"28325","Central Station Light Rail","1","","1","475","385"
"28227","Central Station Light Rail","1","","1","475","568"
"31099","John Street Square Light Rail","0","","1","475","569"
"30486","Dulwich Hill Light Rail","0","","1","475","570"
"29314","Dulwich Hill Light Rail","0","","1","475","297"
"31147","Central Station Light Rail","1","","1","475","571"
"31094","John Street Square Light Rail","0","","1","475","572"
"30543","Dulwich Hill Light Rail","0","","1","475","573"
"31562","Central Station Light Rail","1","","1","475","574"
"29797","Central Station Light Rail","1","","1","475","327"
"27087","Dulwich Hill Light Rail","0","","1","475","66"
"26487","Dulwich Hill Light Rail","0","","1","475","479"
